[01Mar2026 13:31:39.283] [main/INFO] [cpw.mods.modlauncher.Launcher/MODLAUNCHER]: ModLauncher running: args [--launchTarget, forgeclientdev, --version, 21.1.216, --assetIndex, 17, --assetsDir, /Users/fengyue.john.zhu/.gradle/caches/neoformruntime/assets, --gameDir, ., --fml.fmlVersion, 4.0.42, --fml.mcVersion, 1.21.1, --fml.neoForgeVersion, 21.1.216, --fml.neoFormVersion, 20240808.144430]
[01Mar2026 13:31:39.285] [main/INFO] [cpw.mods.modlauncher.Launcher/MODLAUNCHER]: JVM identified as Oracle Corporation Java HotSpot(TM) 64-Bit Server VM 21.0.8+12-LTS-250
[01Mar2026 13:31:39.286] [main/INFO] [cpw.mods.modlauncher.Launcher/MODLAUNCHER]: ModLauncher 11.0.5+main.901c6ea8 starting: java version 21.0.8 by Oracle Corporation; OS Mac OS X arch aarch64 version 15.6.1
[01Mar2026 13:31:39.297] [main/DEBUG] [cpw.mods.modlauncher.LaunchServiceHandler/MODLAUNCHER]: Found launch services [minecraft,forgeclient,forgedatauserdev,testharness,forgeserverdev,forgeserveruserdev,forgejunitdev,forgeclientdev,forgeclientuserdev,forgeserver,forgejunituserdev,forgedatadev]
[01Mar2026 13:31:39.308] [main/DEBUG] [cpw.mods.modlauncher.LaunchPluginHandler/MODLAUNCHER]: Found launch plugins: [mixin,slf4jfixer,runtime_enum_extender,accesstransformer,runtimedistcleaner]
[01Mar2026 13:31:39.313] [main/DEBUG] [cpw.mods.modlauncher.TransformationServicesHandler/MODLAUNCHER]: Discovering transformation services
[01Mar2026 13:31:39.317] [main/DEBUG] [net.neoforged.fml.loading.FMLPaths/CORE]: Path GAMEDIR is /Users/fengyue.john.zhu/Documents/Farmers Heaters 1.21.1/run
[01Mar2026 13:31:39.317] [main/DEBUG] [net.neoforged.fml.loading.FMLPaths/CORE]: Path MODSDIR is /Users/fengyue.john.zhu/Documents/Farmers Heaters 1.21.1/run/mods
[01Mar2026 13:31:39.317] [main/DEBUG] [net.neoforged.fml.loading.FMLPaths/CORE]: Path CONFIGDIR is /Users/fengyue.john.zhu/Documents/Farmers Heaters 1.21.1/run/config
[01Mar2026 13:31:39.317] [main/DEBUG] [net.neoforged.fml.loading.FMLPaths/CORE]: Path FMLCONFIG is /Users/fengyue.john.zhu/Documents/Farmers Heaters 1.21.1/run/config/fml.toml
[01Mar2026 13:31:39.336] [main/DEBUG] [net.neoforged.fml.loading.targets.CommonLaunchHandler/CORE]: Got mod coordinates farmers_heaters%%/Users/fengyue.john.zhu/Documents/Farmers Heaters 1.21.1/build/classes/java/main:farmers_heaters%%/Users/fengyue.john.zhu/Documents/Farmers Heaters 1.21.1/build/resources/main from env
[01Mar2026 13:31:39.337] [main/DEBUG] [net.neoforged.fml.loading.targets.CommonLaunchHandler/CORE]: Found supplied mod coordinates [{farmers_heaters=[/Users/fengyue.john.zhu/Documents/Farmers Heaters 1.21.1/build/classes/java/main, /Users/fengyue.john.zhu/Documents/Farmers Heaters 1.21.1/build/resources/main]}]
[01Mar2026 13:31:39.338] [main/DEBUG] [cpw.mods.modlauncher.TransformationServicesHandler/MODLAUNCHER]: Found additional transformation services from discovery services: 
[01Mar2026 13:31:39.341] [main/INFO] [net.neoforged.fml.loading.ImmediateWindowHandler/]: Loading ImmediateWindowProvider fmlearlywindow
[01Mar2026 13:31:39.522] [main/INFO] [EARLYDISPLAY/]: Trying GL version 4.6
[01Mar2026 13:31:39.583] [main/INFO] [EARLYDISPLAY/]: Trying GL version 4.5
[01Mar2026 13:31:39.594] [main/INFO] [EARLYDISPLAY/]: Trying GL version 4.4
[01Mar2026 13:31:39.601] [main/INFO] [EARLYDISPLAY/]: Trying GL version 4.3
[01Mar2026 13:31:39.608] [main/INFO] [EARLYDISPLAY/]: Trying GL version 4.2
[01Mar2026 13:31:39.613] [main/INFO] [EARLYDISPLAY/]: Trying GL version 4.1
[01Mar2026 13:31:39.627] [main/INFO] [EARLYDISPLAY/]: Requested GL version 4.1 got version 4.1
[01Mar2026 13:31:39.647] [main/DEBUG] [EARLYDISPLAY/]: Suppressing GLFW icon error: [0x1000C]Cocoa: Regular windows do not have icons on macOS
[01Mar2026 13:31:39.698] [main/DEBUG] [cpw.mods.modlauncher.TransformationServicesHandler/MODLAUNCHER]: Found transformer services : [mixin,fml]
[01Mar2026 13:31:39.698] [main/DEBUG] [cpw.mods.modlauncher.TransformationServicesHandler/MODLAUNCHER]: Transformation services loading
[01Mar2026 13:31:39.698] [main/DEBUG] [cpw.mods.modlauncher.TransformationServiceDecorator/MODLAUNCHER]: Loading service mixin
[01Mar2026 13:31:39.698] [main/DEBUG] [cpw.mods.modlauncher.TransformationServiceDecorator/MODLAUNCHER]: Loaded service mixin
[01Mar2026 13:31:39.698] [main/DEBUG] [cpw.mods.modlauncher.TransformationServiceDecorator/MODLAUNCHER]: Loading service fml
[01Mar2026 13:31:39.699] [main/DEBUG] [net.neoforged.fml.loading.FMLLoader/CORE]: FML 4.0.42 loading
[01Mar2026 13:31:39.699] [main/DEBUG] [net.neoforged.fml.loading.FMLLoader/CORE]: FML found ModLauncher version : 11.0.5+main.901c6ea8
[01Mar2026 13:31:39.699] [main/DEBUG] [net.neoforged.fml.loading.FMLLoader/CORE]: FML found AccessTransformer version : 10.0.1+139da711
[01Mar2026 13:31:39.699] [main/DEBUG] [net.neoforged.fml.loading.FMLLoader/CORE]: FML found EventBus version : null
[01Mar2026 13:31:39.699] [main/DEBUG] [net.neoforged.fml.loading.FMLLoader/CORE]: Found Runtime Dist Cleaner
[01Mar2026 13:31:39.699] [main/DEBUG] [cpw.mods.modlauncher.TransformationServiceDecorator/MODLAUNCHER]: Loaded service fml
[01Mar2026 13:31:39.700] [main/DEBUG] [cpw.mods.modlauncher.TransformationServicesHandler/MODLAUNCHER]: Configuring option handling for services
[01Mar2026 13:31:39.706] [main/DEBUG] [net.neoforged.fml.loading.FMLServiceProvider/CORE]: Received command line version data  : VersionInfo[neoForgeVersion=21.1.216, fmlVersion=4.0.42, mcVersion=1.21.1, neoFormVersion=20240808.144430]
[01Mar2026 13:31:39.706] [main/DEBUG] [cpw.mods.modlauncher.TransformationServicesHandler/MODLAUNCHER]: Transformation services initializing
[01Mar2026 13:31:39.706] [main/DEBUG] [cpw.mods.modlauncher.TransformationServiceDecorator/MODLAUNCHER]: Initializing transformation service mixin
[01Mar2026 13:31:39.712] [main/DEBUG] [mixin/]: MixinService [ModLauncher] was successfully booted in cpw.mods.cl.ModuleClassLoader@4a87761d
[01Mar2026 13:31:39.719] [main/INFO] [mixin/]: SpongePowered MIXIN Subsystem Version=0.8.7 Source=union:/Users/fengyue.john.zhu/.gradle/caches/modules-2/files-2.1/net.fabricmc/sponge-mixin/0.15.2+mixin.0.8.7/2af2f021d8e02a0220dc27a7a72b4666d66d44ca/sponge-mixin-0.15.2+mixin.0.8.7.jar%23132!/ Service=ModLauncher Env=CLIENT
[01Mar2026 13:31:39.720] [main/DEBUG] [mixin/]: Initialising Mixin Platform Manager
[01Mar2026 13:31:39.720] [main/DEBUG] [mixin/]: Adding mixin platform agents for container ModLauncher Root Container(ModLauncher:4f56a0a2)
[01Mar2026 13:31:39.721] [main/DEBUG] [mixin/]: Instancing new MixinPlatformAgentMinecraftForge for ModLauncher Root Container(ModLauncher:4f56a0a2)
[01Mar2026 13:31:39.721] [main/DEBUG] [mixin/]: MixinPlatformAgentMinecraftForge rejected container ModLauncher Root Container(ModLauncher:4f56a0a2)
[01Mar2026 13:31:39.721] [main/DEBUG] [mixin/]: Instancing new MixinPlatformAgentDefault for ModLauncher Root Container(ModLauncher:4f56a0a2)
[01Mar2026 13:31:39.721] [main/DEBUG] [mixin/]: MixinPlatformAgentDefault accepted container ModLauncher Root Container(ModLauncher:4f56a0a2)
[01Mar2026 13:31:39.722] [main/DEBUG] [cpw.mods.modlauncher.TransformationServiceDecorator/MODLAUNCHER]: Initialized transformation service mixin
[01Mar2026 13:31:39.722] [main/DEBUG] [cpw.mods.modlauncher.TransformationServiceDecorator/MODLAUNCHER]: Initializing transformation service fml
[01Mar2026 13:31:39.722] [main/DEBUG] [net.neoforged.fml.loading.FMLServiceProvider/CORE]: Setting up basic FML game directories
[01Mar2026 13:31:39.723] [main/DEBUG] [net.neoforged.fml.loading.FMLPaths/CORE]: Path GAMEDIR is /Users/fengyue.john.zhu/Documents/Farmers Heaters 1.21.1/run
[01Mar2026 13:31:39.723] [main/DEBUG] [net.neoforged.fml.loading.FMLPaths/CORE]: Path MODSDIR is /Users/fengyue.john.zhu/Documents/Farmers Heaters 1.21.1/run/mods
[01Mar2026 13:31:39.723] [main/DEBUG] [net.neoforged.fml.loading.FMLPaths/CORE]: Path CONFIGDIR is /Users/fengyue.john.zhu/Documents/Farmers Heaters 1.21.1/run/config
[01Mar2026 13:31:39.723] [main/DEBUG] [net.neoforged.fml.loading.FMLPaths/CORE]: Path FMLCONFIG is /Users/fengyue.john.zhu/Documents/Farmers Heaters 1.21.1/run/config/fml.toml
[01Mar2026 13:31:39.723] [main/DEBUG] [net.neoforged.fml.loading.FMLServiceProvider/CORE]: Loading configuration
[01Mar2026 13:31:39.725] [main/DEBUG] [net.neoforged.fml.loading.FMLServiceProvider/CORE]: Preparing launch handler
[01Mar2026 13:31:39.725] [main/DEBUG] [net.neoforged.fml.loading.FMLLoader/CORE]: Using forgeclientdev as launch service
[01Mar2026 13:31:39.726] [main/DEBUG] [cpw.mods.modlauncher.TransformationServiceDecorator/MODLAUNCHER]: Initialized transformation service fml
[01Mar2026 13:31:39.726] [main/DEBUG] [cpw.mods.modlauncher.TransformationServicesHandler/MODLAUNCHER]: Transformation services begin scanning
[01Mar2026 13:31:39.727] [main/DEBUG] [cpw.mods.modlauncher.TransformationServiceDecorator/MODLAUNCHER]: Beginning scan trigger - transformation service mixin
[01Mar2026 13:31:39.727] [main/DEBUG] [cpw.mods.modlauncher.TransformationServiceDecorator/MODLAUNCHER]: End scan trigger - transformation service mixin
[01Mar2026 13:31:39.727] [main/DEBUG] [cpw.mods.modlauncher.TransformationServiceDecorator/MODLAUNCHER]: Beginning scan trigger - transformation service fml
[01Mar2026 13:31:39.727] [main/DEBUG] [net.neoforged.fml.loading.FMLServiceProvider/CORE]: Initiating mod scan
[01Mar2026 13:31:39.727] [main/DEBUG] [net.neoforged.fml.loading.targets.CommonLaunchHandler/CORE]: Got mod coordinates farmers_heaters%%/Users/fengyue.john.zhu/Documents/Farmers Heaters 1.21.1/build/classes/java/main:farmers_heaters%%/Users/fengyue.john.zhu/Documents/Farmers Heaters 1.21.1/build/resources/main from env
[01Mar2026 13:31:39.727] [main/DEBUG] [net.neoforged.fml.loading.targets.CommonLaunchHandler/CORE]: Found supplied mod coordinates [{farmers_heaters=[/Users/fengyue.john.zhu/Documents/Farmers Heaters 1.21.1/build/classes/java/main, /Users/fengyue.john.zhu/Documents/Farmers Heaters 1.21.1/build/resources/main]}]
[01Mar2026 13:31:39.729] [main/DEBUG] [net.neoforged.fml.loading.targets.CommonDevLaunchHandler/]: Launching with NeoForge from /Users/fengyue.john.zhu/Documents/Farmers Heaters 1.21.1/build/moddev/artifacts/neoforge-21.1.216.jar
[01Mar2026 13:31:39.737] [main/DEBUG] [net.neoforged.fml.util.ServiceLoaderUtil/CORE]: Found 4 implementations of IModFileCandidateLocator:
[01Mar2026 13:31:39.738] [main/DEBUG] [net.neoforged.fml.util.ServiceLoaderUtil/CORE]: 	       0 - [built-in] net.neoforged.fml.loading.moddiscovery.locators.NeoForgeDevProvider from loader-4.0.42.jar
[01Mar2026 13:31:39.738] [main/DEBUG] [net.neoforged.fml.util.ServiceLoaderUtil/CORE]: 	       0 - net.neoforged.fml.loading.moddiscovery.locators.ModsFolderLocator from loader-4.0.42.jar
[01Mar2026 13:31:39.738] [main/DEBUG] [net.neoforged.fml.util.ServiceLoaderUtil/CORE]: 	       0 - net.neoforged.fml.loading.moddiscovery.locators.MavenDirectoryLocator from loader-4.0.42.jar
[01Mar2026 13:31:39.738] [main/DEBUG] [net.neoforged.fml.util.ServiceLoaderUtil/CORE]: 	   -1000 - [built-in] net.neoforged.fml.loading.moddiscovery.locators.UserdevLocator from loader-4.0.42.jar
[01Mar2026 13:31:39.739] [main/DEBUG] [net.neoforged.fml.util.ServiceLoaderUtil/CORE]: Found 2 implementations of IModFileReader:
[01Mar2026 13:31:39.739] [main/DEBUG] [net.neoforged.fml.util.ServiceLoaderUtil/CORE]: 	       0 - net.neoforged.fml.loading.moddiscovery.readers.JarModsDotTomlModFileReader from loader-4.0.42.jar
[01Mar2026 13:31:39.739] [main/DEBUG] [net.neoforged.fml.util.ServiceLoaderUtil/CORE]: 	   -1000 - net.neoforged.fml.loading.moddiscovery.readers.NestedLibraryModReader from loader-4.0.42.jar
[01Mar2026 13:31:39.740] [main/DEBUG] [net.neoforged.fml.util.ServiceLoaderUtil/CORE]: Found 1 implementations of IDependencyLocator:
[01Mar2026 13:31:39.740] [main/DEBUG] [net.neoforged.fml.util.ServiceLoaderUtil/CORE]: 	       0 - net.neoforged.fml.loading.moddiscovery.locators.JarInJarDependencyLocator from loader-4.0.42.jar
[01Mar2026 13:31:39.828] [main/DEBUG] [net.neoforged.fml.loading.moddiscovery.ModFileInfo/LOADING]: Found valid mod file neoforge-21.1.216.jar with {minecraft} mods - versions {1.21.1}
[01Mar2026 13:31:39.833] [main/DEBUG] [net.neoforged.fml.loading.moddiscovery.ModFileParser/LOADING]: Considering mod file candidate /Users/fengyue.john.zhu/Documents/Farmers Heaters 1.21.1/build/moddev/artifacts/neoforge-21.1.216.jar
[01Mar2026 13:31:39.846] [main/DEBUG] [net.neoforged.fml.loading.moddiscovery.ModFileInfo/LOADING]: Found valid mod file neoforge-21.1.216.jar with {neoforge} mods - versions {21.1.216}
[01Mar2026 13:31:39.849] [main/DEBUG] [net.neoforged.fml.loading.moddiscovery.ModListHandler/CORE]: Found mod coordinates from lists: []
[01Mar2026 13:31:39.850] [main/DEBUG] [net.neoforged.fml.loading.moddiscovery.ModFileParser/LOADING]: Considering mod file candidate /Users/fengyue.john.zhu/Documents/Farmers Heaters 1.21.1/build/classes/java/main
[01Mar2026 13:31:39.855] [main/DEBUG] [net.neoforged.fml.loading.moddiscovery.ModFileInfo/LOADING]: Found valid mod file main with {farmers_heaters} mods - versions {1.0.3}
[01Mar2026 13:31:39.861] [main/DEBUG] [net.neoforged.fml.loading.moddiscovery.ModFileParser/LOADING]: Considering mod file candidate /Users/fengyue.john.zhu/Documents/Farmers Heaters 1.21.1/build/moddev/artifacts/neoforge-21.1.216.jar
[01Mar2026 13:31:39.862] [main/DEBUG] [net.neoforged.fml.loading.moddiscovery.ModFileInfo/LOADING]: Found valid mod file neoforge-21.1.216.jar with {neoforge} mods - versions {21.1.216}
[01Mar2026 13:31:39.864] [main/DEBUG] [net.neoforged.fml.loading.moddiscovery.ModFileParser/LOADING]: Considering mod file candidate /Users/fengyue.john.zhu/.m2/repository/com/minecart/Central-Heater-1.21.1/1.3.0/Central-Heater-1.21.1-1.3.0.jar
[01Mar2026 13:31:39.866] [main/DEBUG] [net.neoforged.fml.loading.moddiscovery.ModFileInfo/LOADING]: Found valid mod file Central-Heater-1.21.1-1.3.0.jar with {central_heater} mods - versions {1.3.0}
[01Mar2026 13:31:39.868] [main/DEBUG] [net.neoforged.fml.loading.moddiscovery.ModFileParser/LOADING]: Considering mod file candidate /Users/fengyue.john.zhu/.gradle/caches/modules-2/files-2.1/curse.maven/farmers-delight-398521/6917256/9abe078f48781e4b87288dbc59691c8ba1152d8d/farmers-delight-398521-6917256.jar
[01Mar2026 13:31:39.869] [main/DEBUG] [net.neoforged.fml.loading.moddiscovery.ModFileInfo/LOADING]: Found valid mod file farmers-delight-398521-6917256.jar with {farmersdelight} mods - versions {1.2.9}
[01Mar2026 13:31:39.871] [main/DEBUG] [net.neoforged.fml.loading.moddiscovery.ModFileParser/LOADING]: Considering mod file candidate /Users/fengyue.john.zhu/.gradle/caches/modules-2/files-2.1/curse.maven/my-nethers-delight-1003673/6938550/146bc38650e09875c678a78014a3ed55d2fd4ca9/my-nethers-delight-1003673-6938550.jar
[01Mar2026 13:31:39.872] [main/DEBUG] [net.neoforged.fml.loading.moddiscovery.ModFileInfo/LOADING]: Found valid mod file my-nethers-delight-1003673-6938550.jar with {mynethersdelight} mods - versions {1.9}
[01Mar2026 13:31:39.873] [main/DEBUG] [net.neoforged.fml.loading.moddiscovery.ModFileParser/LOADING]: Considering mod file candidate /Users/fengyue.john.zhu/.gradle/caches/modules-2/files-2.1/mezz.jei/jei-1.21.1-neoforge/19.25.1.332/54d1e999f496dc76bce821f605e31d071252a0f3/jei-1.21.1-neoforge-19.25.1.332.jar
[01Mar2026 13:31:39.875] [main/DEBUG] [net.neoforged.fml.loading.moddiscovery.ModFileInfo/LOADING]: Found valid mod file jei-1.21.1-neoforge-19.25.1.332.jar with {jei} mods - versions {19.25.1.332}
[01Mar2026 13:31:39.879] [main/DEBUG] [net.neoforged.fml.loading.moddiscovery.ModDiscoverer/]: Skipping /Users/fengyue.john.zhu/.gradle/caches/modules-2/files-2.1/net.neoforged.fancymodloader/earlydisplay/4.0.42/46555dbfff14e9e052f1f693aed14d542a74e111/earlydisplay-4.0.42.jar because it was already located earlier
[01Mar2026 13:31:39.879] [main/DEBUG] [net.neoforged.fml.loading.moddiscovery.ModDiscoverer/]: Skipping /Users/fengyue.john.zhu/.gradle/caches/modules-2/files-2.1/net.neoforged.fancymodloader/loader/4.0.42/76e15f98bf676fb44b36c5e776f52a55581ec43a/loader-4.0.42.jar because it was already located earlier
[01Mar2026 13:31:39.879] [main/DEBUG] [net.neoforged.fml.loading.moddiscovery.ModDiscoverer/]: Skipping /Users/fengyue.john.zhu/.gradle/caches/modules-2/files-2.1/net.neoforged.accesstransformers/at-modlauncher/10.0.1/5aba50202aceead086bc09fbc2751c9f05cb4890/at-modlauncher-10.0.1.jar because it was already located earlier
[01Mar2026 13:31:39.879] [main/DEBUG] [net.neoforged.fml.loading.moddiscovery.ModDiscoverer/]: Skipping /Users/fengyue.john.zhu/.gradle/caches/modules-2/files-2.1/net.neoforged/accesstransformers/10.0.1/fd83b5725f76eae9115e9355fa1c456a6a441400/accesstransformers-10.0.1.jar because it was already located earlier
[01Mar2026 13:31:39.880] [main/DEBUG] [net.neoforged.fml.loading.moddiscovery.ModDiscoverer/]: Skipping /Users/fengyue.john.zhu/.gradle/caches/modules-2/files-2.1/net.neoforged/bus/8.0.5/5b2d33285ab5d1554e9798ad98c40d6ea3868bd5/bus-8.0.5.jar because it was already located earlier
[01Mar2026 13:31:39.880] [main/DEBUG] [net.neoforged.fml.loading.moddiscovery.ModDiscoverer/]: Skipping /Users/fengyue.john.zhu/.gradle/caches/modules-2/files-2.1/net.neoforged/coremods/7.0.3/9147e6f638b4272b3bd5fc8f92ad37802512c6c/coremods-7.0.3.jar because it was already located earlier
[01Mar2026 13:31:39.880] [main/DEBUG] [net.neoforged.fml.loading.moddiscovery.ModDiscoverer/]: Skipping /Users/fengyue.john.zhu/.gradle/caches/modules-2/files-2.1/cpw.mods/modlauncher/11.0.5/b8f0d49294f733fdb6173931b263553e943dc950/modlauncher-11.0.5.jar because it was already located earlier
[01Mar2026 13:31:39.880] [main/DEBUG] [net.neoforged.fml.loading.moddiscovery.ModDiscoverer/]: Skipping /Users/fengyue.john.zhu/.gradle/caches/modules-2/files-2.1/net.neoforged/mergetool/2.0.0/52fe1949be64e3303aabaaa21e315f551db9c9f4/mergetool-2.0.0-api.jar because it was already located earlier
[01Mar2026 13:31:39.880] [main/DEBUG] [net.neoforged.fml.loading.moddiscovery.ModDiscoverer/]: Skipping /Users/fengyue.john.zhu/.gradle/caches/modules-2/files-2.1/com.electronwill.night-config/toml/3.8.3/90b2fd6efcb4a7d5b9810cf78f9d824994d717f2/toml-3.8.3.jar because it was already located earlier
[01Mar2026 13:31:39.880] [main/DEBUG] [net.neoforged.fml.loading.moddiscovery.ModDiscoverer/]: Skipping /Users/fengyue.john.zhu/.gradle/caches/modules-2/files-2.1/com.electronwill.night-config/core/3.8.3/b442a95f09e349927f5a945ecb594455870fcf4f/core-3.8.3.jar because it was already located earlier
[01Mar2026 13:31:39.880] [main/DEBUG] [net.neoforged.fml.loading.moddiscovery.ModDiscoverer/]: Skipping /Users/fengyue.john.zhu/.gradle/caches/modules-2/files-2.1/net.neoforged/JarJarSelector/0.4.1/fb3cc7a58af22ad2880adb98af6d518128c47dae/JarJarSelector-0.4.1.jar because it was already located earlier
[01Mar2026 13:31:39.880] [main/DEBUG] [net.neoforged.fml.loading.moddiscovery.ModDiscoverer/]: Skipping /Users/fengyue.john.zhu/.gradle/caches/modules-2/files-2.1/net.neoforged/JarJarMetadata/0.4.1/f8da03683dc81694556dc3e177c5e3bb77ae6fcb/JarJarMetadata-0.4.1.jar because it was already located earlier
[01Mar2026 13:31:39.880] [main/DEBUG] [net.neoforged.fml.loading.moddiscovery.ModDiscoverer/]: Skipping /Users/fengyue.john.zhu/.gradle/caches/modules-2/files-2.1/org.apache.maven/maven-artifact/3.8.5/4433f50c07debefaed0553bd0068f4f48d449313/maven-artifact-3.8.5.jar because it was already located earlier
[01Mar2026 13:31:39.880] [main/DEBUG] [net.neoforged.fml.loading.moddiscovery.ModDiscoverer/]: Skipping /Users/fengyue.john.zhu/.gradle/caches/modules-2/files-2.1/net.jodah/typetools/0.6.3/a01aaa6ddaea9ec07ec4f209487b7a46a526283a/typetools-0.6.3.jar because it was already located earlier
[01Mar2026 13:31:39.880] [main/DEBUG] [net.neoforged.fml.loading.moddiscovery.ModDiscoverer/]: Skipping /Users/fengyue.john.zhu/.gradle/caches/modules-2/files-2.1/net.minecrell/terminalconsoleappender/1.3.0/b562e9bb61235c9520e26282cdee71f8f802d1fc/terminalconsoleappender-1.3.0.jar because it was already located earlier
[01Mar2026 13:31:39.880] [main/DEBUG] [net.neoforged.fml.loading.moddiscovery.ModDiscoverer/]: Skipping /Users/fengyue.john.zhu/.gradle/caches/modules-2/files-2.1/net.fabricmc/sponge-mixin/0.15.2+mixin.0.8.7/2af2f021d8e02a0220dc27a7a72b4666d66d44ca/sponge-mixin-0.15.2+mixin.0.8.7.jar because it was already located earlier
[01Mar2026 13:31:39.880] [main/DEBUG] [net.neoforged.fml.loading.moddiscovery.ModDiscoverer/]: Skipping /Users/fengyue.john.zhu/.gradle/caches/modules-2/files-2.1/org.openjdk.nashorn/nashorn-core/15.4/f67f5ffaa5f5130cf6fb9b133da00c7df3b532a5/nashorn-core-15.4.jar because it was already located earlier
[01Mar2026 13:31:39.880] [main/DEBUG] [net.neoforged.fml.loading.moddiscovery.ModDiscoverer/]: Skipping /Users/fengyue.john.zhu/.gradle/caches/modules-2/files-2.1/org.apache.commons/commons-lang3/3.14.0/1ed471194b02f2c6cb734a0cd6f6f107c673afae/commons-lang3-3.14.0.jar because it was already located earlier
[01Mar2026 13:31:39.880] [main/DEBUG] [net.neoforged.fml.loading.moddiscovery.ModDiscoverer/]: Skipping /Users/fengyue.john.zhu/.gradle/caches/modules-2/files-2.1/net.sf.jopt-simple/jopt-simple/5.0.4/4fdac2fbe92dfad86aa6e9301736f6b4342a3f5c/jopt-simple-5.0.4.jar because it was already located earlier
[01Mar2026 13:31:39.880] [main/DEBUG] [net.neoforged.fml.loading.moddiscovery.ModDiscoverer/]: Skipping /Users/fengyue.john.zhu/.gradle/caches/modules-2/files-2.1/commons-io/commons-io/2.15.1/f11560da189ab563a5c8e351941415430e9304ea/commons-io-2.15.1.jar because it was already located earlier
[01Mar2026 13:31:39.881] [main/DEBUG] [net.neoforged.fml.loading.moddiscovery.ModDiscoverer/]: Skipping /Users/fengyue.john.zhu/.gradle/caches/modules-2/files-2.1/com.mojang/logging/1.2.7/24cb95ffb0e3433fd6e844c04e68009e504ca1c0/logging-1.2.7.jar because it was already located earlier
[01Mar2026 13:31:39.881] [main/DEBUG] [net.neoforged.fml.loading.moddiscovery.ModDiscoverer/]: Skipping /Users/fengyue.john.zhu/.gradle/caches/modules-2/files-2.1/org.apache.logging.log4j/log4j-slf4j2-impl/2.22.1/d7e6693c2606cb7e7335047d7bb96dec52db5665/log4j-slf4j2-impl-2.22.1.jar because it was already located earlier
[01Mar2026 13:31:39.881] [main/DEBUG] [net.neoforged.fml.loading.moddiscovery.ModDiscoverer/]: Skipping /Users/fengyue.john.zhu/.gradle/caches/modules-2/files-2.1/org.apache.logging.log4j/log4j-core/2.22.1/7183a25510a02ad00cc6a95d3b3d2a7d3c5a8dc4/log4j-core-2.22.1.jar because it was already located earlier
[01Mar2026 13:31:39.881] [main/DEBUG] [net.neoforged.fml.loading.moddiscovery.ModDiscoverer/]: Skipping /Users/fengyue.john.zhu/.gradle/caches/modules-2/files-2.1/org.apache.logging.log4j/log4j-api/2.22.1/bea6fede6328fabafd7e68363161a7ea6605abd1/log4j-api-2.22.1.jar because it was already located earlier
[01Mar2026 13:31:39.881] [main/DEBUG] [net.neoforged.fml.loading.moddiscovery.ModDiscoverer/]: Skipping /Users/fengyue.john.zhu/.gradle/caches/modules-2/files-2.1/com.google.guava/guava/32.1.2-jre/5e64ec7e056456bef3a4bc4c6fdaef71e8ab6318/guava-32.1.2-jre.jar because it was already located earlier
[01Mar2026 13:31:39.881] [main/DEBUG] [net.neoforged.fml.loading.moddiscovery.ModDiscoverer/]: Skipping /Users/fengyue.john.zhu/.gradle/caches/modules-2/files-2.1/com.google.code.gson/gson/2.10.1/b3add478d4382b78ea20b1671390a858002feb6c/gson-2.10.1.jar because it was already located earlier
[01Mar2026 13:31:39.881] [main/DEBUG] [net.neoforged.fml.loading.moddiscovery.ModDiscoverer/]: Skipping /Users/fengyue.john.zhu/.gradle/caches/modules-2/files-2.1/org.slf4j/slf4j-api/2.0.9/7cf2726fdcfbc8610f9a71fb3ed639871f315340/slf4j-api-2.0.9.jar because it was already located earlier
[01Mar2026 13:31:39.881] [main/DEBUG] [net.neoforged.fml.loading.moddiscovery.ModDiscoverer/]: Skipping /Users/fengyue.john.zhu/.gradle/caches/modules-2/files-2.1/org.antlr/antlr4-runtime/4.13.1/17125bae1d965624e265ef49552f6465a2bfa307/antlr4-runtime-4.13.1.jar because it was already located earlier
[01Mar2026 13:31:39.881] [main/DEBUG] [net.neoforged.fml.loading.moddiscovery.ModDiscoverer/]: Skipping /Users/fengyue.john.zhu/.gradle/caches/modules-2/files-2.1/net.minecraftforge/srgutils/0.4.15/ca408b131759478f164e010fae0d73997e125fb5/srgutils-0.4.15.jar because it was already located earlier
[01Mar2026 13:31:39.881] [main/DEBUG] [net.neoforged.fml.loading.moddiscovery.ModDiscoverer/]: Skipping /Users/fengyue.john.zhu/.gradle/caches/modules-2/files-2.1/org.codehaus.plexus/plexus-utils/3.3.0/cf43b5391de623b36fe066a21127baef82c64022/plexus-utils-3.3.0.jar because it was already located earlier
[01Mar2026 13:31:39.881] [main/DEBUG] [net.neoforged.fml.loading.moddiscovery.ModDiscoverer/]: Skipping /Users/fengyue.john.zhu/.gradle/caches/modules-2/files-2.1/org.jline/jline-reader/3.20.0/8f15415b022a25b473e8e16c28ae913186ffb9c4/jline-reader-3.20.0.jar because it was already located earlier
[01Mar2026 13:31:39.881] [main/DEBUG] [net.neoforged.fml.loading.moddiscovery.ModDiscoverer/]: Skipping /Users/fengyue.john.zhu/.gradle/caches/modules-2/files-2.1/com.machinezoo.noexception/noexception/1.7.1/b65330c98e38a1f915fa54a6e5eca496505e3f0a/noexception-1.7.1.jar because it was already located earlier
[01Mar2026 13:31:39.881] [main/DEBUG] [net.neoforged.fml.loading.moddiscovery.ModDiscoverer/]: Skipping /Users/fengyue.john.zhu/.gradle/caches/modules-2/files-2.1/com.github.oshi/oshi-core/6.4.10/b1d8ab82d11d92fd639b56d639f8f46f739dd5fa/oshi-core-6.4.10.jar because it was already located earlier
[01Mar2026 13:31:39.882] [main/DEBUG] [net.neoforged.fml.loading.moddiscovery.ModDiscoverer/]: Skipping /Users/fengyue.john.zhu/.gradle/caches/modules-2/files-2.1/com.google.guava/failureaccess/1.0.1/1dcf1de382a0bf95a3d8b0849546c88bac1292c9/failureaccess-1.0.1.jar because it was already located earlier
[01Mar2026 13:31:39.882] [main/DEBUG] [net.neoforged.fml.loading.moddiscovery.ModDiscoverer/]: Skipping /Users/fengyue.john.zhu/.gradle/caches/modules-2/files-2.1/com.ibm.icu/icu4j/73.2/61ad4ef7f9131fcf6d25c34b817f90d6da06c9e9/icu4j-73.2.jar because it was already located earlier
[01Mar2026 13:31:39.882] [main/DEBUG] [net.neoforged.fml.loading.moddiscovery.ModDiscoverer/]: Skipping /Users/fengyue.john.zhu/.gradle/caches/modules-2/files-2.1/com.mojang/authlib/6.0.54/de8bc95660e1b2fe8793fd427a7a10dcec5b3ea7/authlib-6.0.54.jar because it was already located earlier
[01Mar2026 13:31:39.882] [main/DEBUG] [net.neoforged.fml.loading.moddiscovery.ModDiscoverer/]: Skipping /Users/fengyue.john.zhu/.gradle/caches/modules-2/files-2.1/com.mojang/blocklist/1.0.10/5c685c5ffa94c4cd39496c7184c1d122e515ecef/blocklist-1.0.10.jar because it was already located earlier
[01Mar2026 13:31:39.882] [main/DEBUG] [net.neoforged.fml.loading.moddiscovery.ModDiscoverer/]: Skipping /Users/fengyue.john.zhu/.gradle/caches/modules-2/files-2.1/com.mojang/brigadier/1.3.10/d15b53a14cf20fdcaa98f731af5dda654452c010/brigadier-1.3.10.jar because it was already located earlier
[01Mar2026 13:31:39.882] [main/DEBUG] [net.neoforged.fml.loading.moddiscovery.ModDiscoverer/]: Skipping /Users/fengyue.john.zhu/.gradle/caches/modules-2/files-2.1/com.mojang/datafixerupper/8.0.16/67d4de6d7f95d89bcf5862995fb854ebaec02a34/datafixerupper-8.0.16.jar because it was already located earlier
[01Mar2026 13:31:39.882] [main/DEBUG] [net.neoforged.fml.loading.moddiscovery.ModDiscoverer/]: Skipping /Users/fengyue.john.zhu/.gradle/caches/modules-2/files-2.1/com.mojang/patchy/2.2.10/da05971b07cbb379d002cf7eaec6a2048211fefc/patchy-2.2.10.jar because it was already located earlier
[01Mar2026 13:31:39.882] [main/DEBUG] [net.neoforged.fml.loading.moddiscovery.ModDiscoverer/]: Skipping /Users/fengyue.john.zhu/.gradle/caches/modules-2/files-2.1/com.mojang/text2speech/1.17.9/3cad216e3a7f0c19b4b394388bc9ffc446f13b14/text2speech-1.17.9.jar because it was already located earlier
[01Mar2026 13:31:39.882] [main/DEBUG] [net.neoforged.fml.loading.moddiscovery.ModDiscoverer/]: Skipping /Users/fengyue.john.zhu/.gradle/caches/modules-2/files-2.1/commons-codec/commons-codec/1.16.0/4e3eb3d79888d76b54e28b350915b5dc3919c9de/commons-codec-1.16.0.jar because it was already located earlier
[01Mar2026 13:31:39.882] [main/DEBUG] [net.neoforged.fml.loading.moddiscovery.ModDiscoverer/]: Skipping /Users/fengyue.john.zhu/.gradle/caches/modules-2/files-2.1/commons-logging/commons-logging/1.2/4bfc12adfe4842bf07b657f0369c4cb522955686/commons-logging-1.2.jar because it was already located earlier
[01Mar2026 13:31:39.882] [main/DEBUG] [net.neoforged.fml.loading.moddiscovery.ModDiscoverer/]: Skipping /Users/fengyue.john.zhu/.gradle/caches/modules-2/files-2.1/io.netty/netty-buffer/4.1.97.Final/f8f3d8644afa5e6e1a40a3a6aeb9d9aa970ecb4f/netty-buffer-4.1.97.Final.jar because it was already located earlier
[01Mar2026 13:31:39.882] [main/DEBUG] [net.neoforged.fml.loading.moddiscovery.ModDiscoverer/]: Skipping /Users/fengyue.john.zhu/.gradle/caches/modules-2/files-2.1/io.netty/netty-codec/4.1.97.Final/384ba4d75670befbedb45c4d3b497a93639c206d/netty-codec-4.1.97.Final.jar because it was already located earlier
[01Mar2026 13:31:39.882] [main/DEBUG] [net.neoforged.fml.loading.moddiscovery.ModDiscoverer/]: Skipping /Users/fengyue.john.zhu/.gradle/caches/modules-2/files-2.1/io.netty/netty-common/4.1.97.Final/7cceacaf11df8dc63f23d0fb58e9d4640fc88404/netty-common-4.1.97.Final.jar because it was already located earlier
[01Mar2026 13:31:39.882] [main/DEBUG] [net.neoforged.fml.loading.moddiscovery.ModDiscoverer/]: Skipping /Users/fengyue.john.zhu/.gradle/caches/modules-2/files-2.1/io.netty/netty-handler/4.1.97.Final/abb86c6906bf512bf2b797a41cd7d2e8d3cd7c36/netty-handler-4.1.97.Final.jar because it was already located earlier
[01Mar2026 13:31:39.883] [main/DEBUG] [net.neoforged.fml.loading.moddiscovery.ModDiscoverer/]: Skipping /Users/fengyue.john.zhu/.gradle/caches/modules-2/files-2.1/io.netty/netty-resolver/4.1.97.Final/cec8348108dc76c47cf87c669d514be52c922144/netty-resolver-4.1.97.Final.jar because it was already located earlier
[01Mar2026 13:31:39.883] [main/DEBUG] [net.neoforged.fml.loading.moddiscovery.ModDiscoverer/]: Skipping /Users/fengyue.john.zhu/.gradle/caches/modules-2/files-2.1/io.netty/netty-transport-classes-epoll/4.1.97.Final/795da37ded759e862457a82d9d92c4d39ce8ecee/netty-transport-classes-epoll-4.1.97.Final.jar because it was already located earlier
[01Mar2026 13:31:39.883] [main/DEBUG] [net.neoforged.fml.loading.moddiscovery.ModDiscoverer/]: Skipping /Users/fengyue.john.zhu/.gradle/caches/modules-2/files-2.1/io.netty/netty-transport-native-unix-common/4.1.97.Final/d469d84265ab70095b01b40886cabdd433b6e664/netty-transport-native-unix-common-4.1.97.Final.jar because it was already located earlier
[01Mar2026 13:31:39.883] [main/DEBUG] [net.neoforged.fml.loading.moddiscovery.ModDiscoverer/]: Skipping /Users/fengyue.john.zhu/.gradle/caches/modules-2/files-2.1/io.netty/netty-transport/4.1.97.Final/f37380d23c9bb079bc702910833b2fd532c9abd0/netty-transport-4.1.97.Final.jar because it was already located earlier
[01Mar2026 13:31:39.883] [main/DEBUG] [net.neoforged.fml.loading.moddiscovery.ModDiscoverer/]: Skipping /Users/fengyue.john.zhu/.gradle/caches/modules-2/files-2.1/it.unimi.dsi/fastutil/8.5.12/c24946d46824bd528054bface3231d2ecb7e95e8/fastutil-8.5.12.jar because it was already located earlier
[01Mar2026 13:31:39.883] [main/DEBUG] [net.neoforged.fml.loading.moddiscovery.ModDiscoverer/]: Skipping /Users/fengyue.john.zhu/.gradle/caches/modules-2/files-2.1/net.java.dev.jna/jna-platform/5.14.0/28934d48aed814f11e4c584da55c49fa7032b31b/jna-platform-5.14.0.jar because it was already located earlier
[01Mar2026 13:31:39.883] [main/DEBUG] [net.neoforged.fml.loading.moddiscovery.ModDiscoverer/]: Skipping /Users/fengyue.john.zhu/.gradle/caches/modules-2/files-2.1/net.java.dev.jna/jna/5.14.0/67bf3eaea4f0718cb376a181a629e5f88fa1c9dd/jna-5.14.0.jar because it was already located earlier
[01Mar2026 13:31:39.883] [main/DEBUG] [net.neoforged.fml.loading.moddiscovery.ModDiscoverer/]: Skipping /Users/fengyue.john.zhu/.gradle/caches/modules-2/files-2.1/org.apache.commons/commons-compress/1.26.0/659feffdd12280201c8aacb8f7be94f9a883c824/commons-compress-1.26.0.jar because it was already located earlier
[01Mar2026 13:31:39.883] [main/DEBUG] [net.neoforged.fml.loading.moddiscovery.ModDiscoverer/]: Skipping /Users/fengyue.john.zhu/.gradle/caches/modules-2/files-2.1/org.apache.httpcomponents/httpclient/4.5.13/e5f6cae5ca7ecaac1ec2827a9e2d65ae2869cada/httpclient-4.5.13.jar because it was already located earlier
[01Mar2026 13:31:39.883] [main/DEBUG] [net.neoforged.fml.loading.moddiscovery.ModDiscoverer/]: Skipping /Users/fengyue.john.zhu/.gradle/caches/modules-2/files-2.1/org.apache.httpcomponents/httpcore/4.4.16/51cf043c87253c9f58b539c9f7e44c8894223850/httpcore-4.4.16.jar because it was already located earlier
[01Mar2026 13:31:39.883] [main/DEBUG] [net.neoforged.fml.loading.moddiscovery.ModDiscoverer/]: Skipping /Users/fengyue.john.zhu/.gradle/caches/modules-2/files-2.1/org.jcraft/jorbis/0.0.17/8872d22b293e8f5d7d56ff92be966e6dc28ebdc6/jorbis-0.0.17.jar because it was already located earlier
[01Mar2026 13:31:39.883] [main/DEBUG] [net.neoforged.fml.loading.moddiscovery.ModDiscoverer/]: Skipping /Users/fengyue.john.zhu/.gradle/caches/modules-2/files-2.1/org.joml/joml/1.10.5/22566d58af70ad3d72308bab63b8339906deb649/joml-1.10.5.jar because it was already located earlier
[01Mar2026 13:31:39.883] [main/DEBUG] [net.neoforged.fml.loading.moddiscovery.ModDiscoverer/]: Skipping /Users/fengyue.john.zhu/.gradle/caches/modules-2/files-2.1/org.lwjgl/lwjgl-freetype/3.3.3/a0db6c84a8becc8ca05f9dbfa985edc348a824c7/lwjgl-freetype-3.3.3.jar because it was already located earlier
[01Mar2026 13:31:39.883] [main/DEBUG] [net.neoforged.fml.loading.moddiscovery.ModDiscoverer/]: Skipping /Users/fengyue.john.zhu/.gradle/caches/modules-2/files-2.1/org.lwjgl/lwjgl-freetype/3.3.3/b0a8c9baa9d1f54ac61e1ab9640c7659e7fa700c/lwjgl-freetype-3.3.3-natives-macos-arm64.jar because it was already located earlier
[01Mar2026 13:31:39.883] [main/DEBUG] [net.neoforged.fml.loading.moddiscovery.ModDiscoverer/]: Skipping /Users/fengyue.john.zhu/.gradle/caches/modules-2/files-2.1/org.lwjgl/lwjgl-freetype/3.3.3/806d869f37ce0df388a24e17aaaf5ca0894d851b/lwjgl-freetype-3.3.3-natives-macos-patch.jar because it was already located earlier
[01Mar2026 13:31:39.883] [main/DEBUG] [net.neoforged.fml.loading.moddiscovery.ModDiscoverer/]: Skipping /Users/fengyue.john.zhu/.gradle/caches/modules-2/files-2.1/org.lwjgl/lwjgl-glfw/3.3.3/efa1eb78c5ccd840e9f329717109b5e892d72f8e/lwjgl-glfw-3.3.3.jar because it was already located earlier
[01Mar2026 13:31:39.884] [main/DEBUG] [net.neoforged.fml.loading.moddiscovery.ModDiscoverer/]: Skipping /Users/fengyue.john.zhu/.gradle/caches/modules-2/files-2.1/org.lwjgl/lwjgl-glfw/3.3.3/a1bf400f6bc64e6195596cb1430dafda46090751/lwjgl-glfw-3.3.3-natives-macos.jar because it was already located earlier
[01Mar2026 13:31:39.889] [main/DEBUG] [net.neoforged.fml.loading.moddiscovery.ModDiscoverer/]: Skipping /Users/fengyue.john.zhu/.gradle/caches/modules-2/files-2.1/org.lwjgl/lwjgl-jemalloc/3.3.3/b543467b7ff3c6920539a88ee602d34098628be5/lwjgl-jemalloc-3.3.3.jar because it was already located earlier
[01Mar2026 13:31:39.889] [main/DEBUG] [net.neoforged.fml.loading.moddiscovery.ModDiscoverer/]: Skipping /Users/fengyue.john.zhu/.gradle/caches/modules-2/files-2.1/org.lwjgl/lwjgl-jemalloc/3.3.3/2906637657a57579847238c9c72d2c4bde7083f8/lwjgl-jemalloc-3.3.3-natives-macos.jar because it was already located earlier
[01Mar2026 13:31:39.890] [main/DEBUG] [net.neoforged.fml.loading.moddiscovery.ModDiscoverer/]: Skipping /Users/fengyue.john.zhu/.gradle/caches/modules-2/files-2.1/org.lwjgl/lwjgl-openal/3.3.3/daada81ceb5fc0c291fbfdd4433cb8d9423577f2/lwjgl-openal-3.3.3.jar because it was already located earlier
[01Mar2026 13:31:39.890] [main/DEBUG] [net.neoforged.fml.loading.moddiscovery.ModDiscoverer/]: Skipping /Users/fengyue.john.zhu/.gradle/caches/modules-2/files-2.1/org.lwjgl/lwjgl-openal/3.3.3/8df8338bfa77f2ebabef4e58964bd04d24805cbf/lwjgl-openal-3.3.3-natives-macos.jar because it was already located earlier
[01Mar2026 13:31:39.890] [main/DEBUG] [net.neoforged.fml.loading.moddiscovery.ModDiscoverer/]: Skipping /Users/fengyue.john.zhu/.gradle/caches/modules-2/files-2.1/org.lwjgl/lwjgl-opengl/3.3.3/2f6b0147078396a58979125a4c947664e98293a/lwjgl-opengl-3.3.3.jar because it was already located earlier
[01Mar2026 13:31:39.890] [main/DEBUG] [net.neoforged.fml.loading.moddiscovery.ModDiscoverer/]: Skipping /Users/fengyue.john.zhu/.gradle/caches/modules-2/files-2.1/org.lwjgl/lwjgl-opengl/3.3.3/1bd45997551ae8a28469f3a2b678f4b7289e12c0/lwjgl-opengl-3.3.3-natives-macos.jar because it was already located earlier
[01Mar2026 13:31:39.891] [main/DEBUG] [net.neoforged.fml.loading.moddiscovery.ModDiscoverer/]: Skipping /Users/fengyue.john.zhu/.gradle/caches/modules-2/files-2.1/org.lwjgl/lwjgl-stb/3.3.3/25dd6161988d7e65f71d5065c99902402ee32746/lwjgl-stb-3.3.3.jar because it was already located earlier
[01Mar2026 13:31:39.891] [main/DEBUG] [net.neoforged.fml.loading.moddiscovery.ModDiscoverer/]: Skipping /Users/fengyue.john.zhu/.gradle/caches/modules-2/files-2.1/org.lwjgl/lwjgl-stb/3.3.3/472792c98fb2c1557c060cb9da5fca6a9773621f/lwjgl-stb-3.3.3-natives-macos.jar because it was already located earlier
[01Mar2026 13:31:39.891] [main/DEBUG] [net.neoforged.fml.loading.moddiscovery.ModDiscoverer/]: Skipping /Users/fengyue.john.zhu/.gradle/caches/modules-2/files-2.1/org.lwjgl/lwjgl-tinyfd/3.3.3/82d755ca94b102e9ca77283b9e2dc46d1b15fbe5/lwjgl-tinyfd-3.3.3.jar because it was already located earlier
[01Mar2026 13:31:39.891] [main/DEBUG] [net.neoforged.fml.loading.moddiscovery.ModDiscoverer/]: Skipping /Users/fengyue.john.zhu/.gradle/caches/modules-2/files-2.1/org.lwjgl/lwjgl-tinyfd/3.3.3/406feedb977372085a61eb0fee358183f4f4c67a/lwjgl-tinyfd-3.3.3-natives-macos-arm64.jar because it was already located earlier
[01Mar2026 13:31:39.892] [main/DEBUG] [net.neoforged.fml.loading.moddiscovery.ModDiscoverer/]: Skipping /Users/fengyue.john.zhu/.gradle/caches/modules-2/files-2.1/org.lwjgl/lwjgl/3.3.3/29589b5f87ed335a6c7e7ee6a5775f81f97ecb84/lwjgl-3.3.3.jar because it was already located earlier
[01Mar2026 13:31:39.892] [main/DEBUG] [net.neoforged.fml.loading.moddiscovery.ModDiscoverer/]: Skipping /Users/fengyue.john.zhu/.gradle/caches/modules-2/files-2.1/org.lwjgl/lwjgl/3.3.3/226246e75f6bd8d4e1895bdce8638ef87808d114/lwjgl-3.3.3-natives-macos-arm64.jar because it was already located earlier
[01Mar2026 13:31:39.892] [main/DEBUG] [net.neoforged.fml.loading.moddiscovery.ModDiscoverer/]: Skipping /Users/fengyue.john.zhu/.gradle/caches/modules-2/files-2.1/org.lz4/lz4-java/1.8.0/4b986a99445e49ea5fbf5d149c4b63f6ed6c6780/lz4-java-1.8.0.jar because it was already located earlier
[01Mar2026 13:31:39.892] [main/DEBUG] [net.neoforged.fml.loading.moddiscovery.ModDiscoverer/]: Skipping /Users/fengyue.john.zhu/.gradle/caches/modules-2/files-2.1/org.jline/jline-terminal/3.20.0/d0ddcc708ddf527a3454c941b7b9225cc83a15ff/jline-terminal-3.20.0.jar because it was already located earlier
[01Mar2026 13:31:39.892] [main/DEBUG] [net.neoforged.fml.loading.moddiscovery.ModDiscoverer/]: Skipping /Users/fengyue.john.zhu/.gradle/caches/modules-2/files-2.1/ca.weblite/java-objc-bridge/1.1/1227f9e0666314f9de41477e3ec277e542ed7f7b/java-objc-bridge-1.1.jar because it was already located earlier
[01Mar2026 13:31:39.892] [main/DEBUG] [net.neoforged.fml.loading.moddiscovery.ModDiscoverer/]: Skipping /Users/fengyue.john.zhu/.gradle/caches/modules-2/files-2.1/com.google.guava/listenablefuture/9999.0-empty-to-avoid-conflict-with-guava/b421526c5f297295adef1c886e5246c39d4ac629/listenablefuture-9999.0-empty-to-avoid-conflict-with-guava.jar because it was already located earlier
[01Mar2026 13:31:39.892] [main/DEBUG] [net.neoforged.fml.loading.moddiscovery.ModDiscoverer/]: Skipping /Users/fengyue.john.zhu/.gradle/caches/modules-2/files-2.1/com.google.code.findbugs/jsr305/3.0.2/25ea2e8b0c338a877313bd4672d3fe056ea78f0d/jsr305-3.0.2.jar because it was already located earlier
[01Mar2026 13:31:39.892] [main/DEBUG] [net.neoforged.fml.loading.moddiscovery.ModDiscoverer/]: Skipping /Users/fengyue.john.zhu/.gradle/caches/modules-2/files-2.1/org.checkerframework/checker-qual/3.33.0/de2b60b62da487644fc11f734e73c8b0b431238f/checker-qual-3.33.0.jar because it was already located earlier
[01Mar2026 13:31:39.892] [main/DEBUG] [net.neoforged.fml.loading.moddiscovery.ModDiscoverer/]: Skipping /Users/fengyue.john.zhu/.gradle/caches/modules-2/files-2.1/com.google.errorprone/error_prone_annotations/2.18.0/89b684257096f548fa39a7df9fdaa409d4d4df91/error_prone_annotations-2.18.0.jar because it was already located earlier
[01Mar2026 13:31:39.892] [main/DEBUG] [net.neoforged.fml.loading.moddiscovery.ModDiscoverer/]: Skipping /Users/fengyue.john.zhu/.gradle/caches/modules-2/files-2.1/com.google.j2objc/j2objc-annotations/2.8/c85270e307e7b822f1086b93689124b89768e273/j2objc-annotations-2.8.jar because it was already located earlier
[01Mar2026 13:31:39.894] [main/DEBUG] [net.neoforged.fml.loading.UniqueModListBuilder/]: Found 2 mods for first modid neoforge, selecting most recent based on version data
[01Mar2026 13:31:39.894] [main/DEBUG] [net.neoforged.fml.loading.UniqueModListBuilder/]: Selected file neoforge-21.1.216.jar for modid neoforge with version 21.1.216
[01Mar2026 13:31:39.963] [pool-2-thread-1/INFO] [EARLYDISPLAY/]: GL info: Apple M1 Pro GL version 4.1 Metal - 89.4, Apple
[01Mar2026 13:31:39.970] [main/INFO] [net.neoforged.fml.loading.moddiscovery.locators.JarInJarDependencyLocator/]: Found 2 dependencies adding them to mods collection
[01Mar2026 13:31:39.971] [main/INFO] [net.neoforged.fml.loading.moddiscovery.ModDiscoverer/]: 
     Mod List:
		Name Version (Mod Id)

		Central Heater 1.3.0 (central_heater)
		Farmer's Delight 1.2.9 (farmersdelight)
		Farmers Heaters 1.0.3 (farmers_heaters)
		Just Enough Items 19.25.1.332 (jei)
		Minecraft 1.21.1 (minecraft)
		My Nether's Delight 1.9 (mynethersdelight)
		NeoForge 21.1.216 (neoforge)
[01Mar2026 13:31:39.972] [main/DEBUG] [net.neoforged.fml.loading.moddiscovery.ModFileInfo/LOADING]: Found valid mod file neoforge-21.1.216.jar with {minecraft} mods - versions {1.21.1}
[01Mar2026 13:31:39.974] [main/DEBUG] [net.neoforged.fml.loading.moddiscovery.ModFile/LOADING]: Loading mod file /Users/fengyue.john.zhu/Documents/Farmers Heaters 1.21.1/build/moddev/artifacts/neoforge-21.1.216.jar with languages [LanguageSpec[languageName=minecraft, acceptedVersions=1]]
[01Mar2026 13:31:39.974] [main/DEBUG] [net.neoforged.fml.loading.moddiscovery.ModFileParser/LOADING]: Considering mod file candidate /Users/fengyue.john.zhu/.gradle/caches/modules-2/files-2.1/curse.maven/farmers-delight-398521/6917256/9abe078f48781e4b87288dbc59691c8ba1152d8d/farmers-delight-398521-6917256.jar
[01Mar2026 13:31:39.975] [main/DEBUG] [net.neoforged.fml.loading.moddiscovery.ModFileInfo/LOADING]: Found valid mod file farmers-delight-398521-6917256.jar with {farmersdelight} mods - versions {1.2.9}
[01Mar2026 13:31:39.976] [main/DEBUG] [net.neoforged.fml.loading.moddiscovery.ModFile/LOADING]: Loading mod file /Users/fengyue.john.zhu/.gradle/caches/modules-2/files-2.1/curse.maven/farmers-delight-398521/6917256/9abe078f48781e4b87288dbc59691c8ba1152d8d/farmers-delight-398521-6917256.jar with languages [LanguageSpec[languageName=javafml, acceptedVersions=[4,)]]
[01Mar2026 13:31:39.976] [main/DEBUG] [net.neoforged.fml.loading.moddiscovery.ModFile/LOADING]: Found mixin config MixinConfig[config=farmersdelight.mixins.json, requiredMods=[]]
[01Mar2026 13:31:39.976] [main/DEBUG] [net.neoforged.fml.loading.moddiscovery.ModFileParser/LOADING]: Considering mod file candidate /Users/fengyue.john.zhu/.m2/repository/com/minecart/Central-Heater-1.21.1/1.3.0/Central-Heater-1.21.1-1.3.0.jar
[01Mar2026 13:31:39.978] [main/DEBUG] [net.neoforged.fml.loading.moddiscovery.ModFileInfo/LOADING]: Found valid mod file Central-Heater-1.21.1-1.3.0.jar with {central_heater} mods - versions {1.3.0}
[01Mar2026 13:31:39.978] [main/DEBUG] [net.neoforged.fml.loading.moddiscovery.ModFile/LOADING]: Loading mod file /Users/fengyue.john.zhu/.m2/repository/com/minecart/Central-Heater-1.21.1/1.3.0/Central-Heater-1.21.1-1.3.0.jar with languages [LanguageSpec[languageName=javafml, acceptedVersions=[4,)]]
[01Mar2026 13:31:39.978] [main/DEBUG] [net.neoforged.fml.loading.moddiscovery.ModFile/LOADING]: Found mixin config MixinConfig[config=central_heater.mixins.json, requiredMods=[]]
[01Mar2026 13:31:39.978] [main/DEBUG] [net.neoforged.fml.loading.moddiscovery.ModFileParser/LOADING]: Considering mod file candidate /Users/fengyue.john.zhu/Documents/Farmers Heaters 1.21.1/build/classes/java/main
[01Mar2026 13:31:39.980] [main/DEBUG] [net.neoforged.fml.loading.moddiscovery.ModFileInfo/LOADING]: Found valid mod file main with {farmers_heaters} mods - versions {1.0.3}
[01Mar2026 13:31:39.980] [main/DEBUG] [net.neoforged.fml.loading.moddiscovery.ModFile/LOADING]: Loading mod file /Users/fengyue.john.zhu/Documents/Farmers Heaters 1.21.1/build/classes/java/main with languages [LanguageSpec[languageName=javafml, acceptedVersions=[4,)]]
[01Mar2026 13:31:39.980] [main/DEBUG] [net.neoforged.fml.loading.moddiscovery.ModFile/LOADING]: Found mixin config MixinConfig[config=farmers_heaters.mixins.json, requiredMods=[]]
[01Mar2026 13:31:39.980] [main/DEBUG] [net.neoforged.fml.loading.moddiscovery.ModFileParser/LOADING]: Considering mod file candidate /Users/fengyue.john.zhu/.gradle/caches/modules-2/files-2.1/curse.maven/my-nethers-delight-1003673/6938550/146bc38650e09875c678a78014a3ed55d2fd4ca9/my-nethers-delight-1003673-6938550.jar
[01Mar2026 13:31:39.981] [main/DEBUG] [net.neoforged.fml.loading.moddiscovery.ModFileInfo/LOADING]: Found valid mod file my-nethers-delight-1003673-6938550.jar with {mynethersdelight} mods - versions {1.9}
[01Mar2026 13:31:39.981] [main/DEBUG] [net.neoforged.fml.loading.moddiscovery.ModFile/LOADING]: Loading mod file /Users/fengyue.john.zhu/.gradle/caches/modules-2/files-2.1/curse.maven/my-nethers-delight-1003673/6938550/146bc38650e09875c678a78014a3ed55d2fd4ca9/my-nethers-delight-1003673-6938550.jar with languages [LanguageSpec[languageName=javafml, acceptedVersions=[4,)]]
[01Mar2026 13:31:39.981] [main/DEBUG] [net.neoforged.fml.loading.moddiscovery.ModFile/LOADING]: Found mixin config MixinConfig[config=mynethersdelight.mixins.json, requiredMods=[]]
[01Mar2026 13:31:39.982] [main/DEBUG] [net.neoforged.fml.loading.moddiscovery.ModFileParser/LOADING]: Considering mod file candidate /Users/fengyue.john.zhu/Documents/Farmers Heaters 1.21.1/build/moddev/artifacts/neoforge-21.1.216.jar
[01Mar2026 13:31:39.982] [main/DEBUG] [net.neoforged.fml.loading.moddiscovery.ModFileInfo/LOADING]: Found valid mod file neoforge-21.1.216.jar with {neoforge} mods - versions {21.1.216}
[01Mar2026 13:31:39.982] [main/DEBUG] [net.neoforged.fml.loading.moddiscovery.ModFile/LOADING]: Loading mod file /Users/fengyue.john.zhu/Documents/Farmers Heaters 1.21.1/build/moddev/artifacts/neoforge-21.1.216.jar with languages [LanguageSpec[languageName=javafml, acceptedVersions=[3,]]]
[01Mar2026 13:31:39.982] [main/DEBUG] [net.neoforged.fml.loading.moddiscovery.ModFile/LOADING]: Found mixin config MixinConfig[config=neoforge.mixins.json, requiredMods=[]]
[01Mar2026 13:31:39.982] [main/DEBUG] [net.neoforged.fml.loading.moddiscovery.ModFileParser/LOADING]: Considering mod file candidate /Users/fengyue.john.zhu/.gradle/caches/modules-2/files-2.1/mezz.jei/jei-1.21.1-neoforge/19.25.1.332/54d1e999f496dc76bce821f605e31d071252a0f3/jei-1.21.1-neoforge-19.25.1.332.jar
[01Mar2026 13:31:39.983] [main/DEBUG] [net.neoforged.fml.loading.moddiscovery.ModFileInfo/LOADING]: Found valid mod file jei-1.21.1-neoforge-19.25.1.332.jar with {jei} mods - versions {19.25.1.332}
[01Mar2026 13:31:39.983] [main/DEBUG] [net.neoforged.fml.loading.moddiscovery.ModFile/LOADING]: Loading mod file /Users/fengyue.john.zhu/.gradle/caches/modules-2/files-2.1/mezz.jei/jei-1.21.1-neoforge/19.25.1.332/54d1e999f496dc76bce821f605e31d071252a0f3/jei-1.21.1-neoforge-19.25.1.332.jar with languages [LanguageSpec[languageName=javafml, acceptedVersions=[4,)]]
[01Mar2026 13:31:39.983] [main/DEBUG] [net.neoforged.fml.loading.moddiscovery.ModFile/LOADING]: Loading mod file  with languages []
[01Mar2026 13:31:39.984] [main/DEBUG] [cpw.mods.modlauncher.TransformationServiceDecorator/MODLAUNCHER]: End scan trigger - transformation service fml
[01Mar2026 13:31:39.990] [main/DEBUG] [net.neoforged.fml.util.ServiceLoaderUtil/CORE]: Found 3 implementations of IModLanguageLoader:
[01Mar2026 13:31:39.990] [main/DEBUG] [net.neoforged.fml.util.ServiceLoaderUtil/CORE]: 	net.neoforged.fml.javafmlmod.FMLJavaModLanguageProvider from loader-4.0.42.jar
[01Mar2026 13:31:39.990] [main/DEBUG] [net.neoforged.fml.util.ServiceLoaderUtil/CORE]: 	net.neoforged.fml.lowcodemod.LowCodeModLanguageProvider from loader-4.0.42.jar
[01Mar2026 13:31:39.990] [main/DEBUG] [net.neoforged.fml.util.ServiceLoaderUtil/CORE]: 	net.neoforged.fml.mclanguageprovider.MinecraftModLanguageProvider from loader-4.0.42.jar
[01Mar2026 13:31:39.991] [main/DEBUG] [net.neoforged.fml.loading.LanguageProviderLoader/CORE]: Found language provider javafml, version 4.0.42
[01Mar2026 13:31:39.991] [main/DEBUG] [net.neoforged.fml.loading.LanguageProviderLoader/CORE]: Found language provider lowcodefml, version 4.0.42
[01Mar2026 13:31:39.991] [main/DEBUG] [net.neoforged.fml.loading.LanguageProviderLoader/CORE]: Found language provider minecraft, version 4.0.42
[01Mar2026 13:31:39.994] [main/DEBUG] [net.neoforged.fml.loading.ModSorter/]: Configured system mods: [minecraft, neoforge]
[01Mar2026 13:31:39.994] [main/DEBUG] [net.neoforged.fml.loading.ModSorter/]: Found system mod: minecraft
[01Mar2026 13:31:39.994] [main/DEBUG] [net.neoforged.fml.loading.ModSorter/]: Found system mod: neoforge
[01Mar2026 13:31:39.995] [main/DEBUG] [net.neoforged.fml.loading.ModSorter/LOADING]: Found 17 mod requirements (13 mandatory, 4 optional)
[01Mar2026 13:31:39.995] [main/DEBUG] [net.neoforged.fml.loading.ModSorter/LOADING]: Found 0 mod requirements missing (0 mandatory, 0 optional)
[01Mar2026 13:31:40.090] [main/DEBUG] [mixin/]: Adding mixin platform agents for container net.neoforged.fml.loading.mixin.FMLMixinContainerHandle@cfbc8e8
[01Mar2026 13:31:40.090] [main/DEBUG] [mixin/]: Instancing new MixinPlatformAgentMinecraftForge for net.neoforged.fml.loading.mixin.FMLMixinContainerHandle@cfbc8e8
[01Mar2026 13:31:40.090] [main/DEBUG] [mixin/]: MixinPlatformAgentMinecraftForge rejected container net.neoforged.fml.loading.mixin.FMLMixinContainerHandle@cfbc8e8
[01Mar2026 13:31:40.090] [main/DEBUG] [mixin/]: Instancing new MixinPlatformAgentDefault for net.neoforged.fml.loading.mixin.FMLMixinContainerHandle@cfbc8e8
[01Mar2026 13:31:40.091] [main/DEBUG] [mixin/]: MixinPlatformAgentDefault accepted container net.neoforged.fml.loading.mixin.FMLMixinContainerHandle@cfbc8e8
[01Mar2026 13:31:40.091] [main/DEBUG] [mixin/]: Instancing new FMLMixinPlatformAgent for net.neoforged.fml.loading.mixin.FMLMixinContainerHandle@cfbc8e8
[01Mar2026 13:31:40.091] [main/DEBUG] [mixin/]: FMLMixinPlatformAgent accepted container net.neoforged.fml.loading.mixin.FMLMixinContainerHandle@cfbc8e8
[01Mar2026 13:31:40.096] [main/DEBUG] [cpw.mods.modlauncher.TransformationServicesHandler/MODLAUNCHER]: Transformation services loading transformers
[01Mar2026 13:31:40.097] [main/DEBUG] [cpw.mods.modlauncher.TransformationServiceDecorator/MODLAUNCHER]: Initializing transformers for transformation service mixin
[01Mar2026 13:31:40.097] [main/DEBUG] [cpw.mods.modlauncher.TransformationServiceDecorator/MODLAUNCHER]: Initialized transformers for transformation service mixin
[01Mar2026 13:31:40.097] [main/DEBUG] [cpw.mods.modlauncher.TransformationServiceDecorator/MODLAUNCHER]: Initializing transformers for transformation service fml
[01Mar2026 13:31:40.097] [main/DEBUG] [net.neoforged.fml.loading.FMLServiceProvider/LOADING]: Loading coremod transformers
[01Mar2026 13:31:40.097] [main/DEBUG] [net.neoforged.fml.loading.FMLServiceProvider/CORE]: Not loading coremod script-engine since no mod requested it
[01Mar2026 13:31:40.098] [main/DEBUG] [net.neoforged.fml.util.ServiceLoaderUtil/CORE]: Found 1 implementations of ICoreMod:
[01Mar2026 13:31:40.099] [main/DEBUG] [net.neoforged.fml.util.ServiceLoaderUtil/CORE]: 	net.neoforged.neoforge.coremods.NeoForgeCoreMod from neoforge-21.1.216.jar > net.neoforged.neoforge-coremods-21.1.216.jar
[01Mar2026 13:31:40.102] [main/DEBUG] [net.neoforged.fml.loading.FMLServiceProvider/CORE]: Adding [Target[className=net.minecraft.world.level.biome.Biome, elementName=, elementDescriptor=, targetType=cpw.mods.modlauncher.api.TargetType@40dff0b7]] transformer from core-mod net.neoforged.neoforge.coremods.NeoForgeCoreMod@6fd77352 in neoforge-21.1.216.jar > net.neoforged.neoforge-coremods-21.1.216.jar
[01Mar2026 13:31:40.102] [main/DEBUG] [net.neoforged.fml.loading.FMLServiceProvider/CORE]: Adding [Target[className=net.minecraft.world.level.levelgen.structure.Structure, elementName=, elementDescriptor=, targetType=cpw.mods.modlauncher.api.TargetType@40dff0b7]] transformer from core-mod net.neoforged.neoforge.coremods.NeoForgeCoreMod@6fd77352 in neoforge-21.1.216.jar > net.neoforged.neoforge-coremods-21.1.216.jar
[01Mar2026 13:31:40.102] [main/DEBUG] [net.neoforged.fml.loading.FMLServiceProvider/CORE]: Adding [Target[className=net.minecraft.world.level.block.FlowerPotBlock, elementName=, elementDescriptor=, targetType=cpw.mods.modlauncher.api.TargetType@40dff0b7]] transformer from core-mod net.neoforged.neoforge.coremods.NeoForgeCoreMod@6fd77352 in neoforge-21.1.216.jar > net.neoforged.neoforge-coremods-21.1.216.jar
[01Mar2026 13:31:40.102] [main/DEBUG] [net.neoforged.fml.loading.FMLServiceProvider/CORE]: Adding [Target[className=net/minecraft/world/level/levelgen/PhantomSpawner, elementName=, elementDescriptor=, targetType=cpw.mods.modlauncher.api.TargetType@40dff0b7], Target[className=net/minecraft/server/commands/SummonCommand, elementName=, elementDescriptor=, targetType=cpw.mods.modlauncher.api.TargetType@40dff0b7], Target[className=net/minecraft/world/level/levelgen/structure/structures/WoodlandMansionPieces$WoodlandMansionPiece, elementName=, elementDescriptor=, targetType=cpw.mods.modlauncher.api.TargetType@40dff0b7], Target[className=net/minecraft/world/entity/EntityType, elementName=, elementDescriptor=, targetType=cpw.mods.modlauncher.api.TargetType@40dff0b7], Target[className=net/minecraft/world/entity/npc/CatSpawner, elementName=, elementDescriptor=, targetType=cpw.mods.modlauncher.api.TargetType@40dff0b7], Target[className=net/minecraft/world/level/levelgen/structure/templatesystem/StructureTemplate, elementName=, elementDescriptor=, targetType=cpw.mods.modlauncher.api.TargetType@40dff0b7], Target[className=net/minecraft/world/entity/monster/Strider, elementName=, elementDescriptor=, targetType=cpw.mods.modlauncher.api.TargetType@40dff0b7], Target[className=net/minecraft/world/entity/ai/village/VillageSiege, elementName=, elementDescriptor=, targetType=cpw.mods.modlauncher.api.TargetType@40dff0b7], Target[className=net/minecraft/world/entity/npc/Villager, elementName=, elementDescriptor=, targetType=cpw.mods.modlauncher.api.TargetType@40dff0b7], Target[className=net/minecraft/world/level/levelgen/PatrolSpawner, elementName=, elementDescriptor=, targetType=cpw.mods.modlauncher.api.TargetType@40dff0b7], Target[className=net/minecraft/world/level/levelgen/structure/structures/SwampHutPiece, elementName=, elementDescriptor=, targetType=cpw.mods.modlauncher.api.TargetType@40dff0b7], Target[className=net/minecraft/world/level/levelgen/structure/structures/OceanRuinPieces$OceanRuinPiece, elementName=, elementDescriptor=, targetType=cpw.mods.modlauncher.api.TargetType@40dff0b7], Target[className=net/minecraft/world/entity/monster/Evoker$EvokerSummonSpellGoal, elementName=, elementDescriptor=, targetType=cpw.mods.modlauncher.api.TargetType@40dff0b7], Target[className=net/minecraft/world/level/levelgen/structure/structures/OceanMonumentPieces$OceanMonumentPiece, elementName=, elementDescriptor=, targetType=cpw.mods.modlauncher.api.TargetType@40dff0b7], Target[className=net/minecraft/world/entity/monster/ZombieVillager, elementName=, elementDescriptor=, targetType=cpw.mods.modlauncher.api.TargetType@40dff0b7], Target[className=net/minecraft/world/entity/animal/frog/Tadpole, elementName=, elementDescriptor=, targetType=cpw.mods.modlauncher.api.TargetType@40dff0b7], Target[className=net/minecraft/server/commands/RaidCommand, elementName=, elementDescriptor=, targetType=cpw.mods.modlauncher.api.TargetType@40dff0b7], Target[className=net/minecraft/world/entity/animal/horse/SkeletonTrapGoal, elementName=, elementDescriptor=, targetType=cpw.mods.modlauncher.api.TargetType@40dff0b7], Target[className=net/minecraft/world/entity/raid/Raid, elementName=, elementDescriptor=, targetType=cpw.mods.modlauncher.api.TargetType@40dff0b7], Target[className=net/minecraft/world/entity/monster/Spider, elementName=, elementDescriptor=, targetType=cpw.mods.modlauncher.api.TargetType@40dff0b7], Target[className=net/minecraft/world/entity/monster/Zombie, elementName=, elementDescriptor=, targetType=cpw.mods.modlauncher.api.TargetType@40dff0b7], Target[className=net/minecraft/world/level/NaturalSpawner, elementName=, elementDescriptor=, targetType=cpw.mods.modlauncher.api.TargetType@40dff0b7]] transformer from core-mod net.neoforged.neoforge.coremods.NeoForgeCoreMod@6fd77352 in neoforge-21.1.216.jar > net.neoforged.neoforge-coremods-21.1.216.jar
[01Mar2026 13:31:40.103] [main/DEBUG] [cpw.mods.modlauncher.TransformStore/MODLAUNCHER]: Adding transformer net.neoforged.neoforge.coremods.ReplaceFieldWithGetterAccess@f2ce6b to Target : cpw.mods.modlauncher.api.TargetType@40dff0b7 {Lnet/minecraft/world/level/biome/Biome;} {} {V}
[01Mar2026 13:31:40.104] [main/DEBUG] [cpw.mods.modlauncher.TransformStore/MODLAUNCHER]: Adding transformer net.neoforged.neoforge.coremods.ReplaceFieldWithGetterAccess@26a2f7f9 to Target : cpw.mods.modlauncher.api.TargetType@40dff0b7 {Lnet/minecraft/world/level/levelgen/structure/Structure;} {} {V}
[01Mar2026 13:31:40.104] [main/DEBUG] [cpw.mods.modlauncher.TransformStore/MODLAUNCHER]: Adding transformer net.neoforged.neoforge.coremods.ReplaceFieldWithGetterAccess@38eb2c50 to Target : cpw.mods.modlauncher.api.TargetType@40dff0b7 {Lnet/minecraft/world/level/block/FlowerPotBlock;} {} {V}
[01Mar2026 13:31:40.104] [main/DEBUG] [cpw.mods.modlauncher.TransformStore/MODLAUNCHER]: Adding transformer net.neoforged.neoforge.coremods.MethodRedirector@8bffb8b to Target : cpw.mods.modlauncher.api.TargetType@40dff0b7 {Lnet/minecraft/world/level/levelgen/PhantomSpawner;} {} {V}
[01Mar2026 13:31:40.104] [main/DEBUG] [cpw.mods.modlauncher.TransformStore/MODLAUNCHER]: Adding transformer net.neoforged.neoforge.coremods.MethodRedirector@8bffb8b to Target : cpw.mods.modlauncher.api.TargetType@40dff0b7 {Lnet/minecraft/server/commands/SummonCommand;} {} {V}
[01Mar2026 13:31:40.104] [main/DEBUG] [cpw.mods.modlauncher.TransformStore/MODLAUNCHER]: Adding transformer net.neoforged.neoforge.coremods.MethodRedirector@8bffb8b to Target : cpw.mods.modlauncher.api.TargetType@40dff0b7 {Lnet/minecraft/world/level/levelgen/structure/structures/WoodlandMansionPieces$WoodlandMansionPiece;} {} {V}
[01Mar2026 13:31:40.104] [main/DEBUG] [cpw.mods.modlauncher.TransformStore/MODLAUNCHER]: Adding transformer net.neoforged.neoforge.coremods.MethodRedirector@8bffb8b to Target : cpw.mods.modlauncher.api.TargetType@40dff0b7 {Lnet/minecraft/world/entity/EntityType;} {} {V}
[01Mar2026 13:31:40.104] [main/DEBUG] [cpw.mods.modlauncher.TransformStore/MODLAUNCHER]: Adding transformer net.neoforged.neoforge.coremods.MethodRedirector@8bffb8b to Target : cpw.mods.modlauncher.api.TargetType@40dff0b7 {Lnet/minecraft/world/entity/npc/CatSpawner;} {} {V}
[01Mar2026 13:31:40.105] [main/DEBUG] [cpw.mods.modlauncher.TransformStore/MODLAUNCHER]: Adding transformer net.neoforged.neoforge.coremods.MethodRedirector@8bffb8b to Target : cpw.mods.modlauncher.api.TargetType@40dff0b7 {Lnet/minecraft/world/level/levelgen/structure/templatesystem/StructureTemplate;} {} {V}
[01Mar2026 13:31:40.105] [main/DEBUG] [cpw.mods.modlauncher.TransformStore/MODLAUNCHER]: Adding transformer net.neoforged.neoforge.coremods.MethodRedirector@8bffb8b to Target : cpw.mods.modlauncher.api.TargetType@40dff0b7 {Lnet/minecraft/world/entity/monster/Strider;} {} {V}
[01Mar2026 13:31:40.105] [main/DEBUG] [cpw.mods.modlauncher.TransformStore/MODLAUNCHER]: Adding transformer net.neoforged.neoforge.coremods.MethodRedirector@8bffb8b to Target : cpw.mods.modlauncher.api.TargetType@40dff0b7 {Lnet/minecraft/world/entity/ai/village/VillageSiege;} {} {V}
[01Mar2026 13:31:40.105] [main/DEBUG] [cpw.mods.modlauncher.TransformStore/MODLAUNCHER]: Adding transformer net.neoforged.neoforge.coremods.MethodRedirector@8bffb8b to Target : cpw.mods.modlauncher.api.TargetType@40dff0b7 {Lnet/minecraft/world/entity/npc/Villager;} {} {V}
[01Mar2026 13:31:40.105] [main/DEBUG] [cpw.mods.modlauncher.TransformStore/MODLAUNCHER]: Adding transformer net.neoforged.neoforge.coremods.MethodRedirector@8bffb8b to Target : cpw.mods.modlauncher.api.TargetType@40dff0b7 {Lnet/minecraft/world/level/levelgen/PatrolSpawner;} {} {V}
[01Mar2026 13:31:40.105] [main/DEBUG] [cpw.mods.modlauncher.TransformStore/MODLAUNCHER]: Adding transformer net.neoforged.neoforge.coremods.MethodRedirector@8bffb8b to Target : cpw.mods.modlauncher.api.TargetType@40dff0b7 {Lnet/minecraft/world/level/levelgen/structure/structures/SwampHutPiece;} {} {V}
[01Mar2026 13:31:40.105] [main/DEBUG] [cpw.mods.modlauncher.TransformStore/MODLAUNCHER]: Adding transformer net.neoforged.neoforge.coremods.MethodRedirector@8bffb8b to Target : cpw.mods.modlauncher.api.TargetType@40dff0b7 {Lnet/minecraft/world/level/levelgen/structure/structures/OceanRuinPieces$OceanRuinPiece;} {} {V}
[01Mar2026 13:31:40.105] [main/DEBUG] [cpw.mods.modlauncher.TransformStore/MODLAUNCHER]: Adding transformer net.neoforged.neoforge.coremods.MethodRedirector@8bffb8b to Target : cpw.mods.modlauncher.api.TargetType@40dff0b7 {Lnet/minecraft/world/entity/monster/Evoker$EvokerSummonSpellGoal;} {} {V}
[01Mar2026 13:31:40.105] [main/DEBUG] [cpw.mods.modlauncher.TransformStore/MODLAUNCHER]: Adding transformer net.neoforged.neoforge.coremods.MethodRedirector@8bffb8b to Target : cpw.mods.modlauncher.api.TargetType@40dff0b7 {Lnet/minecraft/world/level/levelgen/structure/structures/OceanMonumentPieces$OceanMonumentPiece;} {} {V}
[01Mar2026 13:31:40.105] [main/DEBUG] [cpw.mods.modlauncher.TransformStore/MODLAUNCHER]: Adding transformer net.neoforged.neoforge.coremods.MethodRedirector@8bffb8b to Target : cpw.mods.modlauncher.api.TargetType@40dff0b7 {Lnet/minecraft/world/entity/monster/ZombieVillager;} {} {V}
[01Mar2026 13:31:40.105] [main/DEBUG] [cpw.mods.modlauncher.TransformStore/MODLAUNCHER]: Adding transformer net.neoforged.neoforge.coremods.MethodRedirector@8bffb8b to Target : cpw.mods.modlauncher.api.TargetType@40dff0b7 {Lnet/minecraft/world/entity/animal/frog/Tadpole;} {} {V}
[01Mar2026 13:31:40.105] [main/DEBUG] [cpw.mods.modlauncher.TransformStore/MODLAUNCHER]: Adding transformer net.neoforged.neoforge.coremods.MethodRedirector@8bffb8b to Target : cpw.mods.modlauncher.api.TargetType@40dff0b7 {Lnet/minecraft/server/commands/RaidCommand;} {} {V}
[01Mar2026 13:31:40.105] [main/DEBUG] [cpw.mods.modlauncher.TransformStore/MODLAUNCHER]: Adding transformer net.neoforged.neoforge.coremods.MethodRedirector@8bffb8b to Target : cpw.mods.modlauncher.api.TargetType@40dff0b7 {Lnet/minecraft/world/entity/animal/horse/SkeletonTrapGoal;} {} {V}
[01Mar2026 13:31:40.105] [main/DEBUG] [cpw.mods.modlauncher.TransformStore/MODLAUNCHER]: Adding transformer net.neoforged.neoforge.coremods.MethodRedirector@8bffb8b to Target : cpw.mods.modlauncher.api.TargetType@40dff0b7 {Lnet/minecraft/world/entity/raid/Raid;} {} {V}
[01Mar2026 13:31:40.105] [main/DEBUG] [cpw.mods.modlauncher.TransformStore/MODLAUNCHER]: Adding transformer net.neoforged.neoforge.coremods.MethodRedirector@8bffb8b to Target : cpw.mods.modlauncher.api.TargetType@40dff0b7 {Lnet/minecraft/world/entity/monster/Spider;} {} {V}
[01Mar2026 13:31:40.106] [main/DEBUG] [cpw.mods.modlauncher.TransformStore/MODLAUNCHER]: Adding transformer net.neoforged.neoforge.coremods.MethodRedirector@8bffb8b to Target : cpw.mods.modlauncher.api.TargetType@40dff0b7 {Lnet/minecraft/world/entity/monster/Zombie;} {} {V}
[01Mar2026 13:31:40.106] [main/DEBUG] [cpw.mods.modlauncher.TransformStore/MODLAUNCHER]: Adding transformer net.neoforged.neoforge.coremods.MethodRedirector@8bffb8b to Target : cpw.mods.modlauncher.api.TargetType@40dff0b7 {Lnet/minecraft/world/level/NaturalSpawner;} {} {V}
[01Mar2026 13:31:40.106] [main/DEBUG] [cpw.mods.modlauncher.TransformationServiceDecorator/MODLAUNCHER]: Initialized transformers for transformation service fml
[01Mar2026 13:31:40.307] [main/DEBUG] [mixin/]: Processing prepare() for PlatformAgent[MixinPlatformAgentDefault:ModLauncher Root Container(ModLauncher:4f56a0a2)]
[01Mar2026 13:31:40.307] [main/DEBUG] [mixin/]: Processing prepare() for PlatformAgent[MixinPlatformAgentDefault:net.neoforged.fml.loading.mixin.FMLMixinContainerHandle@cfbc8e8]
[01Mar2026 13:31:40.307] [main/DEBUG] [mixin/]: Processing prepare() for PlatformAgent[FMLMixinPlatformAgent:null]
[01Mar2026 13:31:40.328] [main/DEBUG] [mixin/]: Compatibility level JAVA_21 specified by farmersdelight.mixins.json is higher than the maximum level supported by this version of mixin (JAVA_13).
[01Mar2026 13:31:40.331] [main/INFO] [mixin/]: Compatibility level set to JAVA_21
[01Mar2026 13:31:40.335] [main/DEBUG] [mixin/]: Processing launch tasks for PlatformAgent[MixinPlatformAgentDefault:ModLauncher Root Container(ModLauncher:4f56a0a2)]
[01Mar2026 13:31:40.335] [main/DEBUG] [mixin/]: Adding mixin platform agents for container SecureJarResource(mixin_synthetic)
[01Mar2026 13:31:40.335] [main/DEBUG] [mixin/]: Instancing new MixinPlatformAgentMinecraftForge for SecureJarResource(mixin_synthetic)
[01Mar2026 13:31:40.335] [main/DEBUG] [mixin/]: MixinPlatformAgentMinecraftForge rejected container SecureJarResource(mixin_synthetic)
[01Mar2026 13:31:40.335] [main/DEBUG] [mixin/]: Instancing new MixinPlatformAgentDefault for SecureJarResource(mixin_synthetic)
[01Mar2026 13:31:40.335] [main/DEBUG] [mixin/]: MixinPlatformAgentDefault accepted container SecureJarResource(mixin_synthetic)
[01Mar2026 13:31:40.335] [main/DEBUG] [mixin/]: Instancing new FMLMixinPlatformAgent for SecureJarResource(mixin_synthetic)
[01Mar2026 13:31:40.335] [main/DEBUG] [mixin/]: FMLMixinPlatformAgent rejected container SecureJarResource(mixin_synthetic)
[01Mar2026 13:31:40.336] [main/DEBUG] [mixin/]: Processing prepare() for PlatformAgent[MixinPlatformAgentDefault:SecureJarResource(mixin_synthetic)]
[01Mar2026 13:31:40.336] [main/DEBUG] [mixin/]: Adding mixin platform agents for container SecureJarResource(farmersdelight)
[01Mar2026 13:31:40.336] [main/DEBUG] [mixin/]: Instancing new MixinPlatformAgentMinecraftForge for SecureJarResource(farmersdelight)
[01Mar2026 13:31:40.336] [main/DEBUG] [mixin/]: MixinPlatformAgentMinecraftForge rejected container SecureJarResource(farmersdelight)
[01Mar2026 13:31:40.336] [main/DEBUG] [mixin/]: Instancing new MixinPlatformAgentDefault for SecureJarResource(farmersdelight)
[01Mar2026 13:31:40.336] [main/DEBUG] [mixin/]: MixinPlatformAgentDefault accepted container SecureJarResource(farmersdelight)
[01Mar2026 13:31:40.336] [main/DEBUG] [mixin/]: Instancing new FMLMixinPlatformAgent for SecureJarResource(farmersdelight)
[01Mar2026 13:31:40.336] [main/DEBUG] [mixin/]: FMLMixinPlatformAgent rejected container SecureJarResource(farmersdelight)
[01Mar2026 13:31:40.336] [main/DEBUG] [mixin/]: Processing prepare() for PlatformAgent[MixinPlatformAgentDefault:SecureJarResource(farmersdelight)]
[01Mar2026 13:31:40.336] [main/DEBUG] [mixin/]: Adding mixin platform agents for container SecureJarResource(minecraft)
[01Mar2026 13:31:40.336] [main/DEBUG] [mixin/]: Instancing new MixinPlatformAgentMinecraftForge for SecureJarResource(minecraft)
[01Mar2026 13:31:40.336] [main/DEBUG] [mixin/]: MixinPlatformAgentMinecraftForge rejected container SecureJarResource(minecraft)
[01Mar2026 13:31:40.336] [main/DEBUG] [mixin/]: Instancing new MixinPlatformAgentDefault for SecureJarResource(minecraft)
[01Mar2026 13:31:40.336] [main/DEBUG] [mixin/]: MixinPlatformAgentDefault accepted container SecureJarResource(minecraft)
[01Mar2026 13:31:40.336] [main/DEBUG] [mixin/]: Instancing new FMLMixinPlatformAgent for SecureJarResource(minecraft)
[01Mar2026 13:31:40.336] [main/DEBUG] [mixin/]: FMLMixinPlatformAgent rejected container SecureJarResource(minecraft)
[01Mar2026 13:31:40.336] [main/DEBUG] [mixin/]: Processing prepare() for PlatformAgent[MixinPlatformAgentDefault:SecureJarResource(minecraft)]
[01Mar2026 13:31:40.336] [main/DEBUG] [mixin/]: Adding mixin platform agents for container SecureJarResource(mynethersdelight)
[01Mar2026 13:31:40.336] [main/DEBUG] [mixin/]: Instancing new MixinPlatformAgentMinecraftForge for SecureJarResource(mynethersdelight)
[01Mar2026 13:31:40.336] [main/DEBUG] [mixin/]: MixinPlatformAgentMinecraftForge rejected container SecureJarResource(mynethersdelight)
[01Mar2026 13:31:40.336] [main/DEBUG] [mixin/]: Instancing new MixinPlatformAgentDefault for SecureJarResource(mynethersdelight)
[01Mar2026 13:31:40.336] [main/DEBUG] [mixin/]: MixinPlatformAgentDefault accepted container SecureJarResource(mynethersdelight)
[01Mar2026 13:31:40.336] [main/DEBUG] [mixin/]: Instancing new FMLMixinPlatformAgent for SecureJarResource(mynethersdelight)
[01Mar2026 13:31:40.337] [main/DEBUG] [mixin/]: FMLMixinPlatformAgent rejected container SecureJarResource(mynethersdelight)
[01Mar2026 13:31:40.337] [main/DEBUG] [mixin/]: Processing prepare() for PlatformAgent[MixinPlatformAgentDefault:SecureJarResource(mynethersdelight)]
[01Mar2026 13:31:40.337] [main/DEBUG] [mixin/]: Adding mixin platform agents for container SecureJarResource(central_heater)
[01Mar2026 13:31:40.337] [main/DEBUG] [mixin/]: Instancing new MixinPlatformAgentMinecraftForge for SecureJarResource(central_heater)
[01Mar2026 13:31:40.337] [main/DEBUG] [mixin/]: MixinPlatformAgentMinecraftForge rejected container SecureJarResource(central_heater)
[01Mar2026 13:31:40.337] [main/DEBUG] [mixin/]: Instancing new MixinPlatformAgentDefault for SecureJarResource(central_heater)
[01Mar2026 13:31:40.337] [main/DEBUG] [mixin/]: MixinPlatformAgentDefault accepted container SecureJarResource(central_heater)
[01Mar2026 13:31:40.337] [main/DEBUG] [mixin/]: Instancing new FMLMixinPlatformAgent for SecureJarResource(central_heater)
[01Mar2026 13:31:40.337] [main/DEBUG] [mixin/]: FMLMixinPlatformAgent rejected container SecureJarResource(central_heater)
[01Mar2026 13:31:40.337] [main/DEBUG] [mixin/]: Processing prepare() for PlatformAgent[MixinPlatformAgentDefault:SecureJarResource(central_heater)]
[01Mar2026 13:31:40.337] [main/DEBUG] [mixin/]: Adding mixin platform agents for container SecureJarResource(farmers_heaters)
[01Mar2026 13:31:40.337] [main/DEBUG] [mixin/]: Instancing new MixinPlatformAgentMinecraftForge for SecureJarResource(farmers_heaters)
[01Mar2026 13:31:40.337] [main/DEBUG] [mixin/]: MixinPlatformAgentMinecraftForge rejected container SecureJarResource(farmers_heaters)
[01Mar2026 13:31:40.337] [main/DEBUG] [mixin/]: Instancing new MixinPlatformAgentDefault for SecureJarResource(farmers_heaters)
[01Mar2026 13:31:40.337] [main/DEBUG] [mixin/]: MixinPlatformAgentDefault accepted container SecureJarResource(farmers_heaters)
[01Mar2026 13:31:40.337] [main/DEBUG] [mixin/]: Instancing new FMLMixinPlatformAgent for SecureJarResource(farmers_heaters)
[01Mar2026 13:31:40.337] [main/DEBUG] [mixin/]: FMLMixinPlatformAgent rejected container SecureJarResource(farmers_heaters)
[01Mar2026 13:31:40.337] [main/DEBUG] [mixin/]: Processing prepare() for PlatformAgent[MixinPlatformAgentDefault:SecureJarResource(farmers_heaters)]
[01Mar2026 13:31:40.337] [main/DEBUG] [mixin/]: Adding mixin platform agents for container SecureJarResource(jei)
[01Mar2026 13:31:40.337] [main/DEBUG] [mixin/]: Instancing new MixinPlatformAgentMinecraftForge for SecureJarResource(jei)
[01Mar2026 13:31:40.338] [main/DEBUG] [mixin/]: MixinPlatformAgentMinecraftForge rejected container SecureJarResource(jei)
[01Mar2026 13:31:40.338] [main/DEBUG] [mixin/]: Instancing new MixinPlatformAgentDefault for SecureJarResource(jei)
[01Mar2026 13:31:40.338] [main/DEBUG] [mixin/]: MixinPlatformAgentDefault accepted container SecureJarResource(jei)
[01Mar2026 13:31:40.338] [main/DEBUG] [mixin/]: Instancing new FMLMixinPlatformAgent for SecureJarResource(jei)
[01Mar2026 13:31:40.338] [main/DEBUG] [mixin/]: FMLMixinPlatformAgent rejected container SecureJarResource(jei)
[01Mar2026 13:31:40.338] [main/DEBUG] [mixin/]: Processing prepare() for PlatformAgent[MixinPlatformAgentDefault:SecureJarResource(jei)]
[01Mar2026 13:31:40.338] [main/DEBUG] [mixin/]: Adding mixin platform agents for container SecureJarResource(mixinextras.neoforge)
[01Mar2026 13:31:40.338] [main/DEBUG] [mixin/]: Instancing new MixinPlatformAgentMinecraftForge for SecureJarResource(mixinextras.neoforge)
[01Mar2026 13:31:40.338] [main/DEBUG] [mixin/]: MixinPlatformAgentMinecraftForge rejected container SecureJarResource(mixinextras.neoforge)
[01Mar2026 13:31:40.338] [main/DEBUG] [mixin/]: Instancing new MixinPlatformAgentDefault for SecureJarResource(mixinextras.neoforge)
[01Mar2026 13:31:40.338] [main/DEBUG] [mixin/]: MixinPlatformAgentDefault accepted container SecureJarResource(mixinextras.neoforge)
[01Mar2026 13:31:40.338] [main/DEBUG] [mixin/]: Instancing new FMLMixinPlatformAgent for SecureJarResource(mixinextras.neoforge)
[01Mar2026 13:31:40.338] [main/DEBUG] [mixin/]: FMLMixinPlatformAgent rejected container SecureJarResource(mixinextras.neoforge)
[01Mar2026 13:31:40.338] [main/DEBUG] [mixin/]: Processing prepare() for PlatformAgent[MixinPlatformAgentDefault:SecureJarResource(mixinextras.neoforge)]
[01Mar2026 13:31:40.338] [main/DEBUG] [mixin/]: Registering mixin config: mixinextras.init.mixins.json source=SecureJarResource(mixinextras.neoforge)
[01Mar2026 13:31:40.339] [main/DEBUG] [mixin/]: inject() running with 10 agents
[01Mar2026 13:31:40.339] [main/DEBUG] [mixin/]: Processing inject() for PlatformAgent[MixinPlatformAgentDefault:ModLauncher Root Container(ModLauncher:4f56a0a2)]
[01Mar2026 13:31:40.339] [main/DEBUG] [mixin/]: Processing inject() for PlatformAgent[MixinPlatformAgentDefault:net.neoforged.fml.loading.mixin.FMLMixinContainerHandle@cfbc8e8]
[01Mar2026 13:31:40.339] [main/DEBUG] [mixin/]: Processing inject() for PlatformAgent[FMLMixinPlatformAgent:null]
[01Mar2026 13:31:40.339] [main/DEBUG] [mixin/]: Processing inject() for PlatformAgent[MixinPlatformAgentDefault:SecureJarResource(mixin_synthetic)]
[01Mar2026 13:31:40.339] [main/DEBUG] [mixin/]: Processing inject() for PlatformAgent[MixinPlatformAgentDefault:SecureJarResource(farmersdelight)]
[01Mar2026 13:31:40.339] [main/DEBUG] [mixin/]: Processing inject() for PlatformAgent[MixinPlatformAgentDefault:SecureJarResource(minecraft)]
[01Mar2026 13:31:40.339] [main/DEBUG] [mixin/]: Processing inject() for PlatformAgent[MixinPlatformAgentDefault:SecureJarResource(mynethersdelight)]
[01Mar2026 13:31:40.339] [main/DEBUG] [mixin/]: Processing inject() for PlatformAgent[MixinPlatformAgentDefault:SecureJarResource(central_heater)]
[01Mar2026 13:31:40.339] [main/DEBUG] [mixin/]: Processing inject() for PlatformAgent[MixinPlatformAgentDefault:SecureJarResource(farmers_heaters)]
[01Mar2026 13:31:40.339] [main/DEBUG] [mixin/]: Processing inject() for PlatformAgent[MixinPlatformAgentDefault:SecureJarResource(jei)]
[01Mar2026 13:31:40.339] [main/DEBUG] [mixin/]: Processing inject() for PlatformAgent[MixinPlatformAgentDefault:SecureJarResource(mixinextras.neoforge)]
[01Mar2026 13:31:40.340] [main/INFO] [cpw.mods.modlauncher.LaunchServiceHandler/MODLAUNCHER]: Launching target 'forgeclientdev' with arguments [--version, 21.1.216, --gameDir, ., --assetsDir, /Users/fengyue.john.zhu/.gradle/caches/neoformruntime/assets, --assetIndex, 17]
[01Mar2026 13:31:40.359] [main/DEBUG] [mixin/]: Preparing mixins for MixinEnvironment[DEFAULT]
[01Mar2026 13:31:40.359] [main/DEBUG] [mixin/]: Selecting config farmersdelight.mixins.json
[01Mar2026 13:31:40.361] [main/DEBUG] [mixin/]: Selecting config mynethersdelight.mixins.json
[01Mar2026 13:31:40.362] [main/DEBUG] [mixin/]: Selecting config neoforge.mixins.json
[01Mar2026 13:31:40.362] [main/DEBUG] [mixin/]: Selecting config central_heater.mixins.json
[01Mar2026 13:31:40.362] [main/DEBUG] [mixin/]: Selecting config farmers_heaters.mixins.json
[01Mar2026 13:31:40.362] [main/DEBUG] [mixin/]: Selecting config mixinextras.init.mixins.json
[01Mar2026 13:31:40.381] [main/DEBUG] [MixinExtras|Service/]: com.llamalad7.mixinextras.service.MixinExtrasServiceImpl(version=0.5.0) is taking over from null
[01Mar2026 13:31:40.392] [main/DEBUG] [mixin/]: Registering new injector for @Inject with org.spongepowered.asm.mixin.injection.struct.CallbackInjectionInfo
[01Mar2026 13:31:40.393] [main/DEBUG] [mixin/]: Registering new injector for @ModifyArg with org.spongepowered.asm.mixin.injection.struct.ModifyArgInjectionInfo
[01Mar2026 13:31:40.394] [main/DEBUG] [mixin/]: Registering new injector for @ModifyArgs with org.spongepowered.asm.mixin.injection.struct.ModifyArgsInjectionInfo
[01Mar2026 13:31:40.394] [main/DEBUG] [mixin/]: Registering new injector for @Redirect with org.spongepowered.asm.mixin.injection.struct.RedirectInjectionInfo
[01Mar2026 13:31:40.395] [main/DEBUG] [mixin/]: Registering new injector for @ModifyVariable with org.spongepowered.asm.mixin.injection.struct.ModifyVariableInjectionInfo
[01Mar2026 13:31:40.395] [main/DEBUG] [mixin/]: Registering new injector for @ModifyConstant with org.spongepowered.asm.mixin.injection.struct.ModifyConstantInjectionInfo
[01Mar2026 13:31:40.399] [main/DEBUG] [mixin/]: Preparing farmersdelight.mixins.json (7)
[01Mar2026 13:31:40.428] [main/DEBUG] [mixin/]: Preparing mynethersdelight.mixins.json (8)
[01Mar2026 13:31:40.484] [main/DEBUG] [mixin/]: Preparing neoforge.mixins.json (2)
[01Mar2026 13:31:40.488] [main/DEBUG] [mixin/]: Preparing central_heater.mixins.json (12)
[01Mar2026 13:31:40.500] [main/DEBUG] [mixin/]: Preparing farmers_heaters.mixins.json (4)
[01Mar2026 13:31:40.504] [main/DEBUG] [mixin/]: Preparing mixinextras.init.mixins.json (0)
[01Mar2026 13:31:40.530] [main/DEBUG] [mixin/]: Inner class com/minecart/farmers_heaters/mixin/CookingPotBlockEntityMixin$1 in com/minecart/farmers_heaters/mixin/CookingPotBlockEntityMixin on vectorwing/farmersdelight/common/block/entity/CookingPotBlockEntity gets unique name vectorwing/farmersdelight/common/block/entity/CookingPotBlockEntity$Anonymous$f67bdab0804b47c6926339bca8c58bb9
[01Mar2026 13:31:40.605] [main/DEBUG] [io.netty.util.internal.logging.InternalLoggerFactory/]: Using SLF4J as the default logging framework
[01Mar2026 13:31:40.606] [main/DEBUG] [io.netty.util.ResourceLeakDetector/]: -Dio.netty.leakDetection.level: simple
[01Mar2026 13:31:40.606] [main/DEBUG] [io.netty.util.ResourceLeakDetector/]: -Dio.netty.leakDetection.targetRecords: 4
[01Mar2026 13:31:41.027] [main/DEBUG] [oshi.util.FileUtil/]: No oshi.properties file found from ClassLoader cpw.mods.modlauncher.TransformingClassLoader@5782d777
[01Mar2026 13:31:41.182] [Datafixer Bootstrap/INFO] [com.mojang.datafixers.DataFixerBuilder/]: 229 Datafixer optimizations took 177 milliseconds
[01Mar2026 13:31:41.377] [main/DEBUG] [oshi.util.FileUtil/]: No oshi.architecture.properties file found from ClassLoader cpw.mods.modlauncher.TransformingClassLoader@5782d777
[01Mar2026 13:31:41.805] [pool-11-thread-1/INFO] [MixinExtras|Service/]: Initializing MixinExtras via com.llamalad7.mixinextras.service.MixinExtrasServiceImpl(version=0.5.0).
[01Mar2026 13:31:41.806] [pool-11-thread-1/DEBUG] [mixin/]: Registering new injector for @SugarWrapper with com.llamalad7.mixinextras.sugar.impl.SugarWrapperInjectionInfo
[01Mar2026 13:31:41.806] [pool-11-thread-1/DEBUG] [mixin/]: Registering new injector for @FactoryRedirectWrapper with com.llamalad7.mixinextras.wrapper.factory.FactoryRedirectWrapperInjectionInfo
[01Mar2026 13:31:41.806] [pool-11-thread-1/DEBUG] [mixin/]: Registering new injector for @ExpressionInjectorWrapper with com.llamalad7.mixinextras.expression.impl.wrapper.ExpressionInjectorWrapperInjectionInfo
[01Mar2026 13:31:41.812] [pool-11-thread-1/DEBUG] [mixin/]: Mixing MappedRegistryAccessor from neoforge.mixins.json into net.minecraft.core.MappedRegistry
[01Mar2026 13:31:41.857] [pool-11-thread-1/DEBUG] [mixin/]: Mixing FireBlockMixin from central_heater.mixins.json into net.minecraft.world.level.block.FireBlock
[01Mar2026 13:31:41.862] [pool-11-thread-1/DEBUG] [mixin/]: Renaming synthetic method lambda$onBurnBlock$0(Lnet/minecraft/world/item/crafting/RecipeHolder;)Z to md97546d$central_heater$lambda$onBurnBlock$0$0 in central_heater.mixins.json:FireBlockMixin from mod central_heater
[01Mar2026 13:31:41.936] [pool-11-thread-1/DEBUG] [mixin/]: central_heater.mixins.json:FireBlockMixin from mod central_heater->@Inject::onBurnBlock(Lnet/minecraft/world/level/Level;Lnet/minecraft/core/BlockPos;ILnet/minecraft/util/RandomSource;ILnet/minecraft/core/Direction;Lorg/spongepowered/asm/mixin/injection/callback/CallbackInfo;)V does use it's CallbackInfo
[01Mar2026 13:31:41.969] [pool-11-thread-1/DEBUG] [mixin/]: Mixing LivingEntityMixin from mynethersdelight.mixins.json into net.minecraft.world.entity.LivingEntity
[01Mar2026 13:31:42.002] [pool-11-thread-1/DEBUG] [mixin/]: Mixing ItemEntityMixin from central_heater.mixins.json into net.minecraft.world.entity.item.ItemEntity
[01Mar2026 13:31:42.010] [pool-11-thread-1/DEBUG] [mixin/]: central_heater.mixins.json:ItemEntityMixin from mod central_heater->@Inject::onEntityDestroyedByDamage(Lnet/minecraft/world/damagesource/DamageSource;FLorg/spongepowered/asm/mixin/injection/callback/CallbackInfoReturnable;)V doesn't use it's CallbackInfoReturnable
[01Mar2026 13:31:42.010] [pool-11-thread-1/DEBUG] [mixin/]: central_heater.mixins.json:ItemEntityMixin from mod central_heater->@Inject::onEntityDestroyedByDamage(Lnet/minecraft/world/damagesource/DamageSource;FLorg/spongepowered/asm/mixin/injection/callback/CallbackInfoReturnable;)V has 0 override(s) in child classes
[01Mar2026 13:31:42.010] [pool-11-thread-1/DEBUG] [mixin/]: central_heater.mixins.json:ItemEntityMixin from mod central_heater->@Inject::onEntityDestroyedByDamage(Lnet/minecraft/world/damagesource/DamageSource;FLorg/spongepowered/asm/mixin/injection/callback/CallbackInfoReturnable;)V won't be passed a CallbackInfoReturnable as a result
[01Mar2026 13:31:42.177] [pool-11-thread-1/DEBUG] [mixin/]: Mixing CuttingBoardDispenserMixin from farmersdelight.mixins.json into net.minecraft.world.level.block.DispenserBlock
[01Mar2026 13:31:42.185] [pool-11-thread-1/DEBUG] [mixin/]: farmersdelight.mixins.json:CuttingBoardDispenserMixin from mod farmersdelight->@Inject::onCuttingBoardDispenseFromInject(Lnet/minecraft/server/level/ServerLevel;Lnet/minecraft/world/level/block/state/BlockState;Lnet/minecraft/core/BlockPos;Lorg/spongepowered/asm/mixin/injection/callback/CallbackInfo;Lnet/minecraft/world/level/block/entity/DispenserBlockEntity;Lnet/minecraft/core/dispenser/BlockSource;ILnet/minecraft/world/item/ItemStack;)V does use it's CallbackInfo
[01Mar2026 13:31:42.198] [pool-11-thread-1/DEBUG] [mixin/]: Mixing KeepRichSoilUntrampledMixin from farmersdelight.mixins.json into net.minecraft.world.level.block.FarmBlock
[01Mar2026 13:31:42.200] [pool-11-thread-1/DEBUG] [mixin/]: farmersdelight.mixins.json:KeepRichSoilUntrampledMixin from mod farmersdelight->@Inject::turnToDirt(Lnet/minecraft/world/entity/Entity;Lnet/minecraft/world/level/block/state/BlockState;Lnet/minecraft/world/level/Level;Lnet/minecraft/core/BlockPos;Lorg/spongepowered/asm/mixin/injection/callback/CallbackInfo;)V does use it's CallbackInfo
[01Mar2026 13:31:42.201] [pool-11-thread-1/DEBUG] [mixin/]: Mixing AbstractFurnaceBlockMixin from central_heater.mixins.json into net.minecraft.world.level.block.AbstractFurnaceBlock
[01Mar2026 13:31:42.203] [pool-11-thread-1/DEBUG] [mixin/]: central_heater.mixins.json:AbstractFurnaceBlockMixin from mod central_heater->@Inject::central_heater$dropAshOnBreak(Lnet/minecraft/world/level/block/state/BlockState;Lnet/minecraft/world/level/Level;Lnet/minecraft/core/BlockPos;Lnet/minecraft/world/level/block/state/BlockState;ZLorg/spongepowered/asm/mixin/injection/callback/CallbackInfo;)V doesn't use it's CallbackInfo
[01Mar2026 13:31:42.204] [pool-11-thread-1/DEBUG] [mixin/]: central_heater.mixins.json:AbstractFurnaceBlockMixin from mod central_heater->@Inject::central_heater$dropAshOnBreak(Lnet/minecraft/world/level/block/state/BlockState;Lnet/minecraft/world/level/Level;Lnet/minecraft/core/BlockPos;Lnet/minecraft/world/level/block/state/BlockState;ZLorg/spongepowered/asm/mixin/injection/callback/CallbackInfo;)V has 0 override(s) in child classes
[01Mar2026 13:31:42.204] [pool-11-thread-1/DEBUG] [mixin/]: central_heater.mixins.json:AbstractFurnaceBlockMixin from mod central_heater->@Inject::central_heater$dropAshOnBreak(Lnet/minecraft/world/level/block/state/BlockState;Lnet/minecraft/world/level/Level;Lnet/minecraft/core/BlockPos;Lnet/minecraft/world/level/block/state/BlockState;ZLorg/spongepowered/asm/mixin/injection/callback/CallbackInfo;)V won't be passed a CallbackInfo as a result
[01Mar2026 13:31:42.236] [pool-11-thread-1/DEBUG] [mixin/]: Mixing AnvilBlockMixin from central_heater.mixins.json into net.minecraft.world.level.block.AnvilBlock
[01Mar2026 13:31:42.242] [pool-11-thread-1/DEBUG] [mixin/]: central_heater.mixins.json:AnvilBlockMixin from mod central_heater->@Inject::central_heater$handleSturdyAnvilDamage(Lnet/minecraft/world/level/block/state/BlockState;Lorg/spongepowered/asm/mixin/injection/callback/CallbackInfoReturnable;)V does use it's CallbackInfoReturnable
[01Mar2026 13:31:42.265] [pool-11-thread-1/DEBUG] [mixin/]: Mixing CampfireBaleMixin from farmersdelight.mixins.json into net.minecraft.world.level.block.CampfireBlock
[01Mar2026 13:31:42.266] [pool-11-thread-1/DEBUG] [mixin/]: Mixing CampFireBlockMixin from central_heater.mixins.json into net.minecraft.world.level.block.CampfireBlock
[01Mar2026 13:31:42.266] [pool-11-thread-1/DEBUG] [mixin/]: Renaming synthetic method lambda$onUseItemOn$0(Lnet/minecraft/world/item/Item;)V to md97546d$central_heater$lambda$onUseItemOn$0$0 in central_heater.mixins.json:CampFireBlockMixin from mod central_heater
[01Mar2026 13:31:42.291] [pool-11-thread-1/DEBUG] [mixin/]: farmersdelight.mixins.json:CampfireBaleMixin from mod farmersdelight->@Inject::isFDSmokeSource(Lnet/minecraft/world/level/block/state/BlockState;Lorg/spongepowered/asm/mixin/injection/callback/CallbackInfoReturnable;)V does use it's CallbackInfoReturnable
[01Mar2026 13:31:42.291] [pool-11-thread-1/DEBUG] [mixin/]: central_heater.mixins.json:CampFireBlockMixin from mod central_heater->@Inject::onNewBlockEntity(Lnet/minecraft/core/BlockPos;Lnet/minecraft/world/level/block/state/BlockState;Lorg/spongepowered/asm/mixin/injection/callback/CallbackInfoReturnable;)V does use it's CallbackInfoReturnable
[01Mar2026 13:31:42.291] [pool-11-thread-1/DEBUG] [mixin/]: central_heater.mixins.json:CampFireBlockMixin from mod central_heater->@Inject::onUseItemOn(Lnet/minecraft/world/item/ItemStack;Lnet/minecraft/world/level/block/state/BlockState;Lnet/minecraft/world/level/Level;Lnet/minecraft/core/BlockPos;Lnet/minecraft/world/entity/player/Player;Lnet/minecraft/world/InteractionHand;Lnet/minecraft/world/phys/BlockHitResult;Lorg/spongepowered/asm/mixin/injection/callback/CallbackInfoReturnable;)V does use it's CallbackInfoReturnable
[01Mar2026 13:31:42.291] [pool-11-thread-1/DEBUG] [mixin/]: central_heater.mixins.json:CampFireBlockMixin from mod central_heater->@Inject::onGetTicker(Lnet/minecraft/world/level/Level;Lnet/minecraft/world/level/block/state/BlockState;Lnet/minecraft/world/level/block/entity/BlockEntityType;Lorg/spongepowered/asm/mixin/injection/callback/CallbackInfoReturnable;)V does use it's CallbackInfoReturnable
[01Mar2026 13:31:42.292] [pool-11-thread-1/DEBUG] [mixin/]: central_heater.mixins.json:CampFireBlockMixin from mod central_heater->@Inject::onRemoveInject(Lnet/minecraft/world/level/block/state/BlockState;Lnet/minecraft/world/level/Level;Lnet/minecraft/core/BlockPos;Lnet/minecraft/world/level/block/state/BlockState;ZLorg/spongepowered/asm/mixin/injection/callback/CallbackInfo;)V doesn't use it's CallbackInfo
[01Mar2026 13:31:42.292] [pool-11-thread-1/DEBUG] [mixin/]: central_heater.mixins.json:CampFireBlockMixin from mod central_heater->@Inject::onRemoveInject(Lnet/minecraft/world/level/block/state/BlockState;Lnet/minecraft/world/level/Level;Lnet/minecraft/core/BlockPos;Lnet/minecraft/world/level/block/state/BlockState;ZLorg/spongepowered/asm/mixin/injection/callback/CallbackInfo;)V has 0 override(s) in child classes
[01Mar2026 13:31:42.292] [pool-11-thread-1/DEBUG] [mixin/]: central_heater.mixins.json:CampFireBlockMixin from mod central_heater->@Inject::onRemoveInject(Lnet/minecraft/world/level/block/state/BlockState;Lnet/minecraft/world/level/Level;Lnet/minecraft/core/BlockPos;Lnet/minecraft/world/level/block/state/BlockState;ZLorg/spongepowered/asm/mixin/injection/callback/CallbackInfo;)V won't be passed a CallbackInfo as a result
[01Mar2026 13:31:42.391] [pool-11-thread-1/DEBUG] [mixin/]: Mixing KeepRichSoilTreeMixin from farmersdelight.mixins.json into net.minecraft.world.level.levelgen.feature.trunkplacers.TrunkPlacer
[01Mar2026 13:31:42.392] [pool-11-thread-1/DEBUG] [mixin/]: Renaming synthetic method lambda$cancelSetDirtIfRichSoil$0(Lnet/minecraft/world/level/block/state/BlockState;)Z to md97546d$farmersdelight$lambda$cancelSetDirtIfRichSoil$0$0 in farmersdelight.mixins.json:KeepRichSoilTreeMixin from mod farmersdelight
[01Mar2026 13:31:42.393] [pool-11-thread-1/DEBUG] [mixin/]: Mixing KeepResurgentSoilTreeMixin from mynethersdelight.mixins.json into net.minecraft.world.level.levelgen.feature.trunkplacers.TrunkPlacer
[01Mar2026 13:31:42.393] [pool-11-thread-1/DEBUG] [mixin/]: Renaming synthetic method lambda$cancelSetDirtIfResurgentSoil$0(Lnet/minecraft/world/level/block/state/BlockState;)Z to md97546d$mynethersdelight$lambda$cancelSetDirtIfResurgentSoil$0$1 in mynethersdelight.mixins.json:KeepResurgentSoilTreeMixin from mod mynethersdelight
[01Mar2026 13:31:42.397] [pool-11-thread-1/DEBUG] [mixin/]: farmersdelight.mixins.json:KeepRichSoilTreeMixin from mod farmersdelight->@Inject::cancelSetDirtIfRichSoil(Lnet/minecraft/world/level/LevelSimulatedReader;Ljava/util/function/BiConsumer;Lnet/minecraft/util/RandomSource;Lnet/minecraft/core/BlockPos;Lnet/minecraft/world/level/levelgen/feature/configurations/TreeConfiguration;Lorg/spongepowered/asm/mixin/injection/callback/CallbackInfo;)V does use it's CallbackInfo
[01Mar2026 13:31:42.397] [pool-11-thread-1/DEBUG] [mixin/]: mynethersdelight.mixins.json:KeepResurgentSoilTreeMixin from mod mynethersdelight->@Inject::cancelSetDirtIfResurgentSoil(Lnet/minecraft/world/level/LevelSimulatedReader;Ljava/util/function/BiConsumer;Lnet/minecraft/util/RandomSource;Lnet/minecraft/core/BlockPos;Lnet/minecraft/world/level/levelgen/feature/configurations/TreeConfiguration;Lorg/spongepowered/asm/mixin/injection/callback/CallbackInfo;)V does use it's CallbackInfo
[01Mar2026 13:31:42.535] [pool-11-thread-1/DEBUG] [mixin/]: Mixing MobMixin from mynethersdelight.mixins.json into net.minecraft.world.entity.Mob
[01Mar2026 13:31:42.585] [pool-11-thread-1/DEBUG] [mixin/]: Mixing BlockEntityTypeAccessor from neoforge.mixins.json into net.minecraft.world.level.block.entity.BlockEntityType
[01Mar2026 13:31:42.654] [pool-11-thread-1/DEBUG] [mixin/]: Mixing AbstractFurnaceBlockEntityAccessor from central_heater.mixins.json into net.minecraft.world.level.block.entity.AbstractFurnaceBlockEntity
[01Mar2026 13:31:42.654] [pool-11-thread-1/DEBUG] [mixin/]: Mixing AbstractFurnaceBlockEntityMixin from central_heater.mixins.json into net.minecraft.world.level.block.entity.AbstractFurnaceBlockEntity
[01Mar2026 13:31:42.669] [pool-11-thread-1/WARN] [mixin/]: @Inject(@At("INVOKE")) Shift.BY=2 on central_heater.mixins.json:AbstractFurnaceBlockEntityMixin from mod central_heater::handler$zbd000$central_heater$tickAsh exceeds the maximum allowed value: 0. Increase the value of maxShiftBy to suppress this warning.
[01Mar2026 13:31:42.675] [pool-11-thread-1/DEBUG] [mixin/]: central_heater.mixins.json:AbstractFurnaceBlockEntityMixin from mod central_heater->@Inject::central_heater$saveAsh(Lnet/minecraft/nbt/CompoundTag;Lnet/minecraft/core/HolderLookup$Provider;Lorg/spongepowered/asm/mixin/injection/callback/CallbackInfo;)V doesn't use it's CallbackInfo
[01Mar2026 13:31:42.675] [pool-11-thread-1/DEBUG] [mixin/]: central_heater.mixins.json:AbstractFurnaceBlockEntityMixin from mod central_heater->@Inject::central_heater$saveAsh(Lnet/minecraft/nbt/CompoundTag;Lnet/minecraft/core/HolderLookup$Provider;Lorg/spongepowered/asm/mixin/injection/callback/CallbackInfo;)V has 0 override(s) in child classes
[01Mar2026 13:31:42.675] [pool-11-thread-1/DEBUG] [mixin/]: central_heater.mixins.json:AbstractFurnaceBlockEntityMixin from mod central_heater->@Inject::central_heater$saveAsh(Lnet/minecraft/nbt/CompoundTag;Lnet/minecraft/core/HolderLookup$Provider;Lorg/spongepowered/asm/mixin/injection/callback/CallbackInfo;)V won't be passed a CallbackInfo as a result
[01Mar2026 13:31:42.675] [pool-11-thread-1/DEBUG] [mixin/]: central_heater.mixins.json:AbstractFurnaceBlockEntityMixin from mod central_heater->@Inject::central_heater$loadAsh(Lnet/minecraft/nbt/CompoundTag;Lnet/minecraft/core/HolderLookup$Provider;Lorg/spongepowered/asm/mixin/injection/callback/CallbackInfo;)V doesn't use it's CallbackInfo
[01Mar2026 13:31:42.675] [pool-11-thread-1/DEBUG] [mixin/]: central_heater.mixins.json:AbstractFurnaceBlockEntityMixin from mod central_heater->@Inject::central_heater$loadAsh(Lnet/minecraft/nbt/CompoundTag;Lnet/minecraft/core/HolderLookup$Provider;Lorg/spongepowered/asm/mixin/injection/callback/CallbackInfo;)V has 0 override(s) in child classes
[01Mar2026 13:31:42.675] [pool-11-thread-1/DEBUG] [mixin/]: central_heater.mixins.json:AbstractFurnaceBlockEntityMixin from mod central_heater->@Inject::central_heater$loadAsh(Lnet/minecraft/nbt/CompoundTag;Lnet/minecraft/core/HolderLookup$Provider;Lorg/spongepowered/asm/mixin/injection/callback/CallbackInfo;)V won't be passed a CallbackInfo as a result
[01Mar2026 13:31:42.675] [pool-11-thread-1/DEBUG] [mixin/]: central_heater.mixins.json:AbstractFurnaceBlockEntityMixin from mod central_heater->@Inject::central_heater$tickAsh(Lnet/minecraft/world/level/Level;Lnet/minecraft/core/BlockPos;Lnet/minecraft/world/level/block/state/BlockState;Lnet/minecraft/world/level/block/entity/AbstractFurnaceBlockEntity;Lorg/spongepowered/asm/mixin/injection/callback/CallbackInfo;)V doesn't use it's CallbackInfo
[01Mar2026 13:31:42.676] [pool-11-thread-1/DEBUG] [mixin/]: central_heater.mixins.json:AbstractFurnaceBlockEntityMixin from mod central_heater->@Inject::central_heater$dispenseAsh(Lnet/minecraft/world/level/Level;Lnet/minecraft/core/BlockPos;Lnet/minecraft/world/level/block/state/BlockState;Lnet/minecraft/world/level/block/entity/AbstractFurnaceBlockEntity;Lorg/spongepowered/asm/mixin/injection/callback/CallbackInfo;)V doesn't use it's CallbackInfo
[01Mar2026 13:31:42.808] [pool-11-thread-1/DEBUG] [mixin/]: Mixing HopperBlockEntityMixin from central_heater.mixins.json into net.minecraft.world.level.block.entity.HopperBlockEntity
[01Mar2026 13:31:42.838] [pool-11-thread-1/DEBUG] [mixin/]: Mixing BannerBlockEntityMixin from central_heater.mixins.json into net.minecraft.world.level.block.entity.BannerBlockEntity
[01Mar2026 13:31:42.840] [pool-11-thread-1/DEBUG] [mixin/]: central_heater.mixins.json:BannerBlockEntityMixin from mod central_heater->@Inject::central_heater$fixEmptyPatternSync(Lnet/minecraft/nbt/CompoundTag;Lnet/minecraft/core/HolderLookup$Provider;Lorg/spongepowered/asm/mixin/injection/callback/CallbackInfo;)V doesn't use it's CallbackInfo
[01Mar2026 13:31:42.840] [pool-11-thread-1/DEBUG] [mixin/]: central_heater.mixins.json:BannerBlockEntityMixin from mod central_heater->@Inject::central_heater$fixEmptyPatternSync(Lnet/minecraft/nbt/CompoundTag;Lnet/minecraft/core/HolderLookup$Provider;Lorg/spongepowered/asm/mixin/injection/callback/CallbackInfo;)V has 0 override(s) in child classes
[01Mar2026 13:31:42.840] [pool-11-thread-1/DEBUG] [mixin/]: central_heater.mixins.json:BannerBlockEntityMixin from mod central_heater->@Inject::central_heater$fixEmptyPatternSync(Lnet/minecraft/nbt/CompoundTag;Lnet/minecraft/core/HolderLookup$Provider;Lorg/spongepowered/asm/mixin/injection/callback/CallbackInfo;)V won't be passed a CallbackInfo as a result
[01Mar2026 13:31:42.840] [pool-11-thread-1/DEBUG] [mixin/]: central_heater.mixins.json:BannerBlockEntityMixin from mod central_heater->@Inject::central_heater$preventEmptyPacket(Lnet/minecraft/core/HolderLookup$Provider;Lorg/spongepowered/asm/mixin/injection/callback/CallbackInfoReturnable;)V does use it's CallbackInfoReturnable
[01Mar2026 13:31:43.046] [pool-11-thread-1/DEBUG] [mixin/]: Mixing CampfireBlockEntityMixin from central_heater.mixins.json into net.minecraft.world.level.block.entity.CampfireBlockEntity
[01Mar2026 13:31:43.624] [pool-11-thread-1/DEBUG] [io.netty.util.internal.PlatformDependent0/]: -Dio.netty.noUnsafe: false
[01Mar2026 13:31:43.624] [pool-11-thread-1/DEBUG] [io.netty.util.internal.PlatformDependent0/]: Java version: 21
[01Mar2026 13:31:43.625] [pool-11-thread-1/DEBUG] [io.netty.util.internal.PlatformDependent0/]: sun.misc.Unsafe.theUnsafe: available
[01Mar2026 13:31:43.625] [pool-11-thread-1/DEBUG] [io.netty.util.internal.PlatformDependent0/]: sun.misc.Unsafe.copyMemory: available
[01Mar2026 13:31:43.625] [pool-11-thread-1/DEBUG] [io.netty.util.internal.PlatformDependent0/]: sun.misc.Unsafe.storeFence: available
[01Mar2026 13:31:43.625] [pool-11-thread-1/DEBUG] [io.netty.util.internal.PlatformDependent0/]: java.nio.Buffer.address: available
[01Mar2026 13:31:43.625] [pool-11-thread-1/DEBUG] [io.netty.util.internal.PlatformDependent0/]: direct buffer constructor: unavailable: Reflective setAccessible(true) disabled
[01Mar2026 13:31:43.625] [pool-11-thread-1/DEBUG] [io.netty.util.internal.PlatformDependent0/]: java.nio.Bits.unaligned: available, true
[01Mar2026 13:31:43.626] [pool-11-thread-1/DEBUG] [io.netty.util.internal.PlatformDependent0/]: jdk.internal.misc.Unsafe.allocateUninitializedArray(int): unavailable: class io.netty.util.internal.PlatformDependent0$7 (in module io.netty.common) cannot access class jdk.internal.misc.Unsafe (in module java.base) because module java.base does not export jdk.internal.misc to module io.netty.common
[01Mar2026 13:31:43.626] [pool-11-thread-1/DEBUG] [io.netty.util.internal.PlatformDependent0/]: java.nio.DirectByteBuffer.<init>(long, {int,long}): unavailable
[01Mar2026 13:31:43.626] [pool-11-thread-1/DEBUG] [io.netty.util.internal.PlatformDependent/]: sun.misc.Unsafe: available
[01Mar2026 13:31:43.626] [pool-11-thread-1/DEBUG] [io.netty.util.internal.PlatformDependent/]: maxDirectMemory: 4294967296 bytes (maybe)
[01Mar2026 13:31:43.626] [pool-11-thread-1/DEBUG] [io.netty.util.internal.PlatformDependent/]: -Dio.netty.tmpdir: /var/folders/mc/2zl6x1k13199mvgnd2m6t_f00000gn/T (java.io.tmpdir)
[01Mar2026 13:31:43.626] [pool-11-thread-1/DEBUG] [io.netty.util.internal.PlatformDependent/]: -Dio.netty.bitMode: 64 (sun.arch.data.model)
[01Mar2026 13:31:43.626] [pool-11-thread-1/DEBUG] [io.netty.util.internal.PlatformDependent/]: Platform: MacOS
[01Mar2026 13:31:43.627] [pool-11-thread-1/DEBUG] [io.netty.util.internal.PlatformDependent/]: -Dio.netty.maxDirectMemory: -1 bytes
[01Mar2026 13:31:43.627] [pool-11-thread-1/DEBUG] [io.netty.util.internal.PlatformDependent/]: -Dio.netty.uninitializedArrayAllocationThreshold: -1
[01Mar2026 13:31:43.627] [pool-11-thread-1/DEBUG] [io.netty.util.internal.CleanerJava9/]: java.nio.ByteBuffer.cleaner(): available
[01Mar2026 13:31:43.627] [pool-11-thread-1/DEBUG] [io.netty.util.internal.PlatformDependent/]: -Dio.netty.noPreferDirect: false
[01Mar2026 13:31:43.812] [pool-11-thread-1/DEBUG] [mixin/]: Mixing FrogEntityMixin from mynethersdelight.mixins.json into net.minecraft.world.entity.animal.frog.Frog
[01Mar2026 13:31:43.814] [pool-11-thread-1/DEBUG] [mixin/]: mynethersdelight.mixins.json:FrogEntityMixin from mod mynethersdelight->@Inject::onInit(Lnet/minecraft/world/entity/EntityType;Lnet/minecraft/world/level/Level;Lorg/spongepowered/asm/mixin/injection/callback/CallbackInfo;)V doesn't use it's CallbackInfo
[01Mar2026 13:31:43.814] [pool-11-thread-1/DEBUG] [mixin/]: mynethersdelight.mixins.json:FrogEntityMixin from mod mynethersdelight->@Inject::onInit(Lnet/minecraft/world/entity/EntityType;Lnet/minecraft/world/level/Level;Lorg/spongepowered/asm/mixin/injection/callback/CallbackInfo;)V has 0 override(s) in child classes
[01Mar2026 13:31:43.814] [pool-11-thread-1/DEBUG] [mixin/]: mynethersdelight.mixins.json:FrogEntityMixin from mod mynethersdelight->@Inject::onInit(Lnet/minecraft/world/entity/EntityType;Lnet/minecraft/world/level/Level;Lorg/spongepowered/asm/mixin/injection/callback/CallbackInfo;)V won't be passed a CallbackInfo as a result
[01Mar2026 13:31:43.876] [pool-11-thread-1/DEBUG] [mixin/]: Mixing StriderEntityDataMixin from mynethersdelight.mixins.json into net.minecraft.world.entity.monster.Strider
[01Mar2026 13:31:43.878] [pool-11-thread-1/DEBUG] [mixin/]: Mixing StriderLogicMixin from mynethersdelight.mixins.json into net.minecraft.world.entity.monster.Strider
[01Mar2026 13:31:43.879] [pool-11-thread-1/DEBUG] [mixin/]: Mixing StriderVisualMixin from mynethersdelight.mixins.json into net.minecraft.world.entity.monster.Strider
[01Mar2026 13:31:43.884] [pool-11-thread-1/DEBUG] [mixin/]: mynethersdelight.mixins.json:StriderEntityDataMixin from mod mynethersdelight->@Inject::addPungentSynchedData(Lnet/minecraft/network/syncher/SynchedEntityData$Builder;Lorg/spongepowered/asm/mixin/injection/callback/CallbackInfo;)V doesn't use it's CallbackInfo
[01Mar2026 13:31:43.884] [pool-11-thread-1/DEBUG] [mixin/]: mynethersdelight.mixins.json:StriderEntityDataMixin from mod mynethersdelight->@Inject::addPungentSynchedData(Lnet/minecraft/network/syncher/SynchedEntityData$Builder;Lorg/spongepowered/asm/mixin/injection/callback/CallbackInfo;)V has 0 override(s) in child classes
[01Mar2026 13:31:43.884] [pool-11-thread-1/DEBUG] [mixin/]: mynethersdelight.mixins.json:StriderEntityDataMixin from mod mynethersdelight->@Inject::addPungentSynchedData(Lnet/minecraft/network/syncher/SynchedEntityData$Builder;Lorg/spongepowered/asm/mixin/injection/callback/CallbackInfo;)V won't be passed a CallbackInfo as a result
[01Mar2026 13:31:43.884] [pool-11-thread-1/DEBUG] [mixin/]: mynethersdelight.mixins.json:StriderLogicMixin from mod mynethersdelight->@Inject::updatePungentState(Lorg/spongepowered/asm/mixin/injection/callback/CallbackInfo;)V doesn't use it's CallbackInfo
[01Mar2026 13:31:43.884] [pool-11-thread-1/DEBUG] [mixin/]: mynethersdelight.mixins.json:StriderLogicMixin from mod mynethersdelight->@Inject::updatePungentState(Lorg/spongepowered/asm/mixin/injection/callback/CallbackInfo;)V has 0 override(s) in child classes
[01Mar2026 13:31:43.884] [pool-11-thread-1/DEBUG] [mixin/]: mynethersdelight.mixins.json:StriderLogicMixin from mod mynethersdelight->@Inject::updatePungentState(Lorg/spongepowered/asm/mixin/injection/callback/CallbackInfo;)V won't be passed a CallbackInfo as a result
[01Mar2026 13:31:43.884] [pool-11-thread-1/DEBUG] [mixin/]: mynethersdelight.mixins.json:StriderVisualMixin from mod mynethersdelight->@Inject::overrideSuffocatingVisuals(Lorg/spongepowered/asm/mixin/injection/callback/CallbackInfoReturnable;)V does use it's CallbackInfoReturnable
[01Mar2026 13:31:44.474] [pool-11-thread-1/DEBUG] [mixin/]: Mixing KeepRichSoilGiantTreeMixin from farmersdelight.mixins.json into net.minecraft.world.level.levelgen.feature.Feature
[01Mar2026 13:31:44.475] [pool-11-thread-1/DEBUG] [mixin/]: Renaming synthetic method lambda$keepRichSoil$0(Lnet/minecraft/world/level/block/state/BlockState;)Z to md97546d$farmersdelight$lambda$keepRichSoil$0$0 in farmersdelight.mixins.json:KeepRichSoilGiantTreeMixin from mod farmersdelight
[01Mar2026 13:31:44.475] [pool-11-thread-1/DEBUG] [mixin/]: Mixing KeepResurgentSoilGiantTreeMixin from mynethersdelight.mixins.json into net.minecraft.world.level.levelgen.feature.Feature
[01Mar2026 13:31:44.476] [pool-11-thread-1/DEBUG] [mixin/]: Renaming synthetic method lambda$keepResurgentSoil$0(Lnet/minecraft/world/level/block/state/BlockState;)Z to md97546d$mynethersdelight$lambda$keepResurgentSoil$0$1 in mynethersdelight.mixins.json:KeepResurgentSoilGiantTreeMixin from mod mynethersdelight
[01Mar2026 13:31:44.478] [pool-11-thread-1/DEBUG] [mixin/]: farmersdelight.mixins.json:KeepRichSoilGiantTreeMixin from mod farmersdelight->@Inject::keepRichSoil(Lnet/minecraft/world/level/LevelSimulatedReader;Lnet/minecraft/core/BlockPos;Lorg/spongepowered/asm/mixin/injection/callback/CallbackInfoReturnable;)V does use it's CallbackInfoReturnable
[01Mar2026 13:31:44.478] [pool-11-thread-1/DEBUG] [mixin/]: mynethersdelight.mixins.json:KeepResurgentSoilGiantTreeMixin from mod mynethersdelight->@Inject::keepResurgentSoil(Lnet/minecraft/world/level/LevelSimulatedReader;Lnet/minecraft/core/BlockPos;Lorg/spongepowered/asm/mixin/injection/callback/CallbackInfoReturnable;)V does use it's CallbackInfoReturnable
[01Mar2026 13:31:45.090] [main/WARN] [net.minecraft.commands.Commands/]: Ambiguity between arguments [teleport, location] and [teleport, destination] with inputs: [0.1 -0.5 .9, 0 0 0]
[01Mar2026 13:31:45.091] [main/WARN] [net.minecraft.commands.Commands/]: Ambiguity between arguments [teleport, location] and [teleport, targets] with inputs: [0.1 -0.5 .9, 0 0 0]
[01Mar2026 13:31:45.092] [main/WARN] [net.minecraft.commands.Commands/]: Ambiguity between arguments [teleport, destination] and [teleport, targets] with inputs: [Player, 0123, @e, dd12be42-52a9-4a91-a8a1-11c01849e498]
[01Mar2026 13:31:45.093] [main/WARN] [net.minecraft.commands.Commands/]: Ambiguity between arguments [teleport, targets] and [teleport, destination] with inputs: [Player, 0123, dd12be42-52a9-4a91-a8a1-11c01849e498]
[01Mar2026 13:31:45.094] [main/WARN] [net.minecraft.commands.Commands/]: Ambiguity between arguments [teleport, targets, location] and [teleport, targets, destination] with inputs: [0.1 -0.5 .9, 0 0 0]
[01Mar2026 13:31:45.114] [Render thread/DEBUG] [mixin/]: Mixing CanvasSignEditScreenMixin from farmersdelight.mixins.json into net.minecraft.client.player.LocalPlayer
[01Mar2026 13:31:45.123] [Render thread/DEBUG] [mixin/]: farmersdelight.mixins.json:CanvasSignEditScreenMixin from mod farmersdelight->@Inject::openCanvasSignEditScreen(Lnet/minecraft/world/level/block/entity/SignBlockEntity;ZLorg/spongepowered/asm/mixin/injection/callback/CallbackInfo;)V does use it's CallbackInfo
[01Mar2026 13:31:45.162] [Render thread/WARN] [net.minecraft.server.packs.VanillaPackResourcesBuilder/]: Assets URL 'union:/Users/fengyue.john.zhu/Documents/Farmers%20Heaters%201.21.1/build/moddev/artifacts/neoforge-21.1.216.jar%23184!/assets/.mcassetsroot' uses unexpected schema
[01Mar2026 13:31:45.162] [Render thread/WARN] [net.minecraft.server.packs.VanillaPackResourcesBuilder/]: Assets URL 'union:/Users/fengyue.john.zhu/Documents/Farmers%20Heaters%201.21.1/build/moddev/artifacts/neoforge-21.1.216.jar%23184!/data/.mcassetsroot' uses unexpected schema
[01Mar2026 13:31:45.174] [Render thread/INFO] [com.mojang.authlib.yggdrasil.YggdrasilAuthenticationService/]: Environment: Environment[sessionHost=https://sessionserver.mojang.com, servicesHost=https://api.minecraftservices.com, name=PROD]
[01Mar2026 13:31:45.179] [Render thread/INFO] [net.minecraft.client.Minecraft/]: Setting user: Dev
[01Mar2026 13:31:45.225] [Render thread/INFO] [net.minecraft.client.Minecraft/]: Backend library: LWJGL version 3.3.3+5
[01Mar2026 13:31:45.476] [Render thread/DEBUG] [net.neoforged.fml.ModWorkManager/LOADING]: Using 10 threads for parallel mod-loading
[01Mar2026 13:31:45.492] [Render thread/DEBUG] [net.neoforged.fml.javafmlmod.FMLModContainer/LOADING]: Creating FMLModContainer instance for [vectorwing.farmersdelight.FarmersDelight]
[01Mar2026 13:31:45.493] [Render thread/DEBUG] [net.neoforged.fml.javafmlmod.FMLModContainer/LOADING]: Creating FMLModContainer instance for [com.soytutta.mynethersdelight.MyNethersDelight]
[01Mar2026 13:31:45.493] [Render thread/DEBUG] [net.neoforged.fml.javafmlmod.FMLModContainer/LOADING]: Creating FMLModContainer instance for [net.neoforged.neoforge.common.NeoForgeMod, net.neoforged.neoforge.client.ClientNeoForgeMod]
[01Mar2026 13:31:45.496] [Render thread/DEBUG] [net.neoforged.fml.javafmlmod.FMLModContainer/LOADING]: Creating FMLModContainer instance for [com.minecart.central_heater.CentralHeater]
[01Mar2026 13:31:45.496] [Render thread/DEBUG] [net.neoforged.fml.javafmlmod.FMLModContainer/LOADING]: Creating FMLModContainer instance for [com.minecart.farmers_heaters.FarmersHeaters]
[01Mar2026 13:31:45.496] [Render thread/DEBUG] [net.neoforged.fml.javafmlmod.FMLModContainer/LOADING]: Creating FMLModContainer instance for [mezz.jei.neoforge.JustEnoughItems]
[01Mar2026 13:31:45.512] [modloading-worker-0/DEBUG] [net.neoforged.fml.config.ConfigTracker/CONFIG]: Config file farmersdelight-common.toml for farmersdelight tracking
[01Mar2026 13:31:45.512] [modloading-worker-0/DEBUG] [net.neoforged.fml.config.ConfigTracker/CONFIG]: Config file jei-server.toml for jei tracking
[01Mar2026 13:31:45.512] [modloading-worker-0/DEBUG] [net.neoforged.fml.config.ConfigTracker/CONFIG]: Config file farmersdelight-client.toml for farmersdelight tracking
[01Mar2026 13:31:45.512] [modloading-worker-0/DEBUG] [net.neoforged.neoforge.internal.versions.neoforge.NeoForgeVersion/CORE]: Found NeoForge version 21.1.216
[01Mar2026 13:31:45.512] [modloading-worker-0/DEBUG] [net.neoforged.neoforge.internal.versions.neoforge.NeoForgeVersion/CORE]: Found FML version 4.0.42
[01Mar2026 13:31:45.512] [modloading-worker-0/INFO] [net.neoforged.neoforge.common.NeoForgeMod/NEOFORGE-MOD]: NeoForge mod loading, version 21.1.216, for MC 1.21.1
[01Mar2026 13:31:45.517] [modloading-worker-0/DEBUG] [net.neoforged.fml.config.ConfigTracker/CONFIG]: Config file neoforge-client.toml for neoforge tracking
[01Mar2026 13:31:45.518] [modloading-worker-0/DEBUG] [net.neoforged.fml.config.ConfigTracker/CONFIG]: Config file neoforge-server.toml for neoforge tracking
[01Mar2026 13:31:45.518] [modloading-worker-0/DEBUG] [net.neoforged.fml.config.ConfigTracker/CONFIG]: Config file neoforge-common.toml for neoforge tracking
[01Mar2026 13:31:45.534] [modloading-worker-0/DEBUG] [mezz.jei.common.platform.Services/]: Loaded mezz.jei.neoforge.platform.PlatformHelper@4827d48c for service interface mezz.jei.common.platform.IPlatformHelper
[01Mar2026 13:31:45.537] [modloading-worker-0/DEBUG] [mezz.jei.common.config.file.ConfigSerializer/]: Loading config file: /Users/fengyue.john.zhu/Documents/Farmers Heaters 1.21.1/run/config/jei/jei-debug.ini
[01Mar2026 13:31:45.539] [modloading-worker-0/DEBUG] [mezz.jei.common.config.file.ConfigSchema/]: Localization has not loaded yet, waiting to save the config file until JEI starts.
[01Mar2026 13:31:45.540] [modloading-worker-0/DEBUG] [mezz.jei.common.config.file.ConfigSerializer/]: Loading config file: /Users/fengyue.john.zhu/Documents/Farmers Heaters 1.21.1/run/config/jei/jei-mod-id-format.ini
[01Mar2026 13:31:45.541] [modloading-worker-0/DEBUG] [mezz.jei.common.config.file.ConfigSchema/]: Localization has not loaded yet, waiting to save the config file until JEI starts.
[01Mar2026 13:31:45.542] [modloading-worker-0/DEBUG] [mezz.jei.common.config.file.ConfigSerializer/]: Loading config file: /Users/fengyue.john.zhu/Documents/Farmers Heaters 1.21.1/run/config/jei/jei-colors.ini
[01Mar2026 13:31:45.543] [modloading-worker-0/DEBUG] [mezz.jei.common.config.file.ConfigSchema/]: Localization has not loaded yet, waiting to save the config file until JEI starts.
[01Mar2026 13:31:45.546] [modloading-worker-0/DEBUG] [mezz.jei.common.config.file.ConfigSerializer/]: Loading config file: /Users/fengyue.john.zhu/Documents/Farmers Heaters 1.21.1/run/config/jei/jei-client.ini
[01Mar2026 13:31:45.547] [modloading-worker-0/DEBUG] [mezz.jei.common.config.file.ConfigSchema/]: Localization has not loaded yet, waiting to save the config file until JEI starts.
[01Mar2026 13:31:45.549] [modloading-worker-0/INFO] [mezz.jei.library.load.PluginCaller/]: Sending ConfigManager...
[01Mar2026 13:31:45.549] [modloading-worker-0/DEBUG] [mezz.jei.library.load.PluginCallerTimerRunnable/]: Sending ConfigManager: jei:minecraft...
[01Mar2026 13:31:45.549] [modloading-worker-0/DEBUG] [mezz.jei.library.load.PluginCallerTimerRunnable/]: Sending ConfigManager: farmersdelight:jei_plugin...
[01Mar2026 13:31:45.549] [modloading-worker-0/DEBUG] [mezz.jei.library.load.PluginCallerTimerRunnable/]: Sending ConfigManager: mynethersdelight:jei_plugin...
[01Mar2026 13:31:45.550] [modloading-worker-0/DEBUG] [mezz.jei.library.load.PluginCallerTimerRunnable/]: Sending ConfigManager: central_heater:jei...
[01Mar2026 13:31:45.550] [modloading-worker-0/DEBUG] [mezz.jei.library.load.PluginCallerTimerRunnable/]: Sending ConfigManager: jei:neoforge_gui...
[01Mar2026 13:31:45.550] [modloading-worker-0/DEBUG] [mezz.jei.library.load.PluginCallerTimerRunnable/]: Sending ConfigManager: jei:debug...
[01Mar2026 13:31:45.550] [modloading-worker-0/DEBUG] [mezz.jei.library.load.PluginCallerTimerRunnable/]: Sending ConfigManager: jei:gui...
[01Mar2026 13:31:45.550] [modloading-worker-0/DEBUG] [mezz.jei.library.load.PluginCallerTimerRunnable/]: Sending ConfigManager: jei:internal...
[01Mar2026 13:31:45.550] [modloading-worker-0/INFO] [mezz.jei.library.load.PluginCaller/]: Sending ConfigManager took 792.5 microseconds
[01Mar2026 13:31:45.552] [modloading-worker-0/DEBUG] [net.neoforged.fml.javafmlmod.AutomaticEventSubscriber/LOADING]: Attempting to inject @EventBusSubscriber classes into the eventbus for jei
[01Mar2026 13:31:45.552] [modloading-worker-0/DEBUG] [net.neoforged.fml.javafmlmod.AutomaticEventSubscriber/LOADING]: Attempting to inject @EventBusSubscriber classes into the eventbus for neoforge
[01Mar2026 13:31:45.553] [modloading-worker-0/DEBUG] [net.neoforged.fml.javafmlmod.AutomaticEventSubscriber/LOADING]: Scanning class net.neoforged.neoforge.server.command.ConfigCommand for @SubscribeEvent-annotated methods
[01Mar2026 13:31:45.553] [modloading-worker-0/DEBUG] [net.neoforged.fml.javafmlmod.AutomaticEventSubscriber/]: Subscribing @EventBusSubscriber class Lnet/neoforged/neoforge/server/command/ConfigCommand; to the game event bus
[01Mar2026 13:31:45.554] [modloading-worker-0/DEBUG] [net.neoforged.fml.javafmlmod.AutomaticEventSubscriber/LOADING]: Scanning class net.neoforged.neoforge.network.filters.GenericPacketSplitter for @SubscribeEvent-annotated methods
[01Mar2026 13:31:45.557] [modloading-worker-0/DEBUG] [net.neoforged.fml.javafmlmod.AutomaticEventSubscriber/LOADING]: Attempting to inject @EventBusSubscriber classes into the eventbus for farmersdelight
[01Mar2026 13:31:45.557] [modloading-worker-0/DEBUG] [net.neoforged.fml.javafmlmod.AutomaticEventSubscriber/LOADING]: Scanning class vectorwing.farmersdelight.data.DataGenerators for @SubscribeEvent-annotated methods
[01Mar2026 13:31:45.557] [modloading-worker-0/DEBUG] [net.neoforged.fml.javafmlmod.AutomaticEventSubscriber/]: Subscribing @EventBusSubscriber class Lvectorwing/farmersdelight/data/DataGenerators; to the mod event bus of mod farmersdelight
[01Mar2026 13:31:45.557] [modloading-worker-0/DEBUG] [net.neoforged.fml.javafmlmod.AutomaticEventSubscriber/LOADING]: Scanning class vectorwing.farmersdelight.common.item.SkilletItem$SkilletEvents for @SubscribeEvent-annotated methods
[01Mar2026 13:31:45.558] [modloading-worker-0/DEBUG] [net.neoforged.fml.javafmlmod.AutomaticEventSubscriber/]: Subscribing @EventBusSubscriber class Lvectorwing/farmersdelight/common/item/SkilletItem$SkilletEvents; to the game event bus
[01Mar2026 13:31:45.558] [modloading-worker-0/DEBUG] [net.neoforged.fml.javafmlmod.AutomaticEventSubscriber/LOADING]: Scanning class vectorwing.farmersdelight.common.item.KnifeItem$KnifeEvents for @SubscribeEvent-annotated methods
[01Mar2026 13:31:45.558] [modloading-worker-0/DEBUG] [net.neoforged.fml.javafmlmod.AutomaticEventSubscriber/]: Subscribing @EventBusSubscriber class Lvectorwing/farmersdelight/common/item/KnifeItem$KnifeEvents; to the game event bus
[01Mar2026 13:31:45.558] [modloading-worker-0/DEBUG] [net.neoforged.fml.javafmlmod.AutomaticEventSubscriber/LOADING]: Scanning class vectorwing.farmersdelight.common.item.HorseFeedItem$HorseFeedEvent for @SubscribeEvent-annotated methods
[01Mar2026 13:31:45.559] [modloading-worker-0/DEBUG] [net.neoforged.fml.javafmlmod.AutomaticEventSubscriber/]: Subscribing @EventBusSubscriber class Lvectorwing/farmersdelight/common/item/HorseFeedItem$HorseFeedEvent; to the game event bus
[01Mar2026 13:31:45.559] [modloading-worker-0/DEBUG] [net.neoforged.fml.javafmlmod.AutomaticEventSubscriber/LOADING]: Scanning class vectorwing.farmersdelight.common.item.enchantment.BackstabbingEnchantment$BackstabbingEvent for @SubscribeEvent-annotated methods
[01Mar2026 13:31:45.559] [modloading-worker-0/DEBUG] [net.neoforged.fml.javafmlmod.AutomaticEventSubscriber/]: Subscribing @EventBusSubscriber class Lvectorwing/farmersdelight/common/item/enchantment/BackstabbingEnchantment$BackstabbingEvent; to the game event bus
[01Mar2026 13:31:45.560] [modloading-worker-0/DEBUG] [net.neoforged.fml.javafmlmod.AutomaticEventSubscriber/LOADING]: Scanning class vectorwing.farmersdelight.common.item.DogFoodItem$DogFoodEvent for @SubscribeEvent-annotated methods
[01Mar2026 13:31:45.560] [modloading-worker-0/DEBUG] [net.neoforged.fml.javafmlmod.AutomaticEventSubscriber/]: Subscribing @EventBusSubscriber class Lvectorwing/farmersdelight/common/item/DogFoodItem$DogFoodEvent; to the game event bus
[01Mar2026 13:31:45.560] [modloading-worker-0/DEBUG] [net.neoforged.fml.javafmlmod.AutomaticEventSubscriber/LOADING]: Scanning class vectorwing.farmersdelight.common.event.VillagerEvents for @SubscribeEvent-annotated methods
[01Mar2026 13:31:45.561] [modloading-worker-0/DEBUG] [net.neoforged.fml.javafmlmod.AutomaticEventSubscriber/]: Subscribing @EventBusSubscriber class Lvectorwing/farmersdelight/common/event/VillagerEvents; to the game event bus
[01Mar2026 13:31:45.561] [modloading-worker-0/DEBUG] [net.neoforged.fml.javafmlmod.AutomaticEventSubscriber/LOADING]: Scanning class vectorwing.farmersdelight.common.event.CommonModBusEvents for @SubscribeEvent-annotated methods
[01Mar2026 13:31:45.562] [modloading-worker-0/DEBUG] [net.neoforged.fml.javafmlmod.AutomaticEventSubscriber/]: Subscribing @EventBusSubscriber class Lvectorwing/farmersdelight/common/event/CommonModBusEvents; to the mod event bus of mod farmersdelight
[01Mar2026 13:31:45.562] [modloading-worker-0/DEBUG] [net.neoforged.fml.javafmlmod.AutomaticEventSubscriber/LOADING]: Scanning class vectorwing.farmersdelight.common.event.CommonEvents for @SubscribeEvent-annotated methods
[01Mar2026 13:31:45.562] [modloading-worker-0/DEBUG] [net.neoforged.fml.javafmlmod.AutomaticEventSubscriber/]: Subscribing @EventBusSubscriber class Lvectorwing/farmersdelight/common/event/CommonEvents; to the game event bus
[01Mar2026 13:31:45.562] [modloading-worker-0/DEBUG] [net.neoforged.fml.javafmlmod.AutomaticEventSubscriber/LOADING]: Scanning class vectorwing.farmersdelight.common.block.entity.CuttingBoardBlockEntity for @SubscribeEvent-annotated methods
[01Mar2026 13:31:45.563] [modloading-worker-0/DEBUG] [net.neoforged.fml.javafmlmod.AutomaticEventSubscriber/]: Subscribing @EventBusSubscriber class Lvectorwing/farmersdelight/common/block/entity/CuttingBoardBlockEntity; to the mod event bus of mod farmersdelight
[01Mar2026 13:31:45.567] [modloading-worker-0/DEBUG] [net.neoforged.fml.javafmlmod.AutomaticEventSubscriber/LOADING]: Scanning class vectorwing.farmersdelight.common.block.entity.CookingPotBlockEntity for @SubscribeEvent-annotated methods
[01Mar2026 13:31:45.567] [modloading-worker-0/DEBUG] [mixin/]: Mixing CookingPotBlockEntityMixin from farmers_heaters.mixins.json into vectorwing.farmersdelight.common.block.entity.CookingPotBlockEntity
[01Mar2026 13:31:45.569] [modloading-worker-0/DEBUG] [io.netty.buffer.AbstractByteBuf/]: -Dio.netty.buffer.checkAccessible: true
[01Mar2026 13:31:45.569] [modloading-worker-0/DEBUG] [io.netty.buffer.AbstractByteBuf/]: -Dio.netty.buffer.checkBounds: true
[01Mar2026 13:31:45.569] [modloading-worker-0/DEBUG] [io.netty.util.ResourceLeakDetectorFactory/]: Loaded default ResourceLeakDetector: io.netty.util.ResourceLeakDetector@3aeecb3a
[01Mar2026 13:31:45.578] [modloading-worker-0/DEBUG] [mixin/]: farmers_heaters.mixins.json:CookingPotBlockEntityMixin from mod farmers_heaters->@Inject::loadAdditional(Lnet/minecraft/nbt/CompoundTag;Lnet/minecraft/core/HolderLookup$Provider;Lorg/spongepowered/asm/mixin/injection/callback/CallbackInfo;)V doesn't use it's CallbackInfo
[01Mar2026 13:31:45.578] [modloading-worker-0/DEBUG] [mixin/]: farmers_heaters.mixins.json:CookingPotBlockEntityMixin from mod farmers_heaters->@Inject::loadAdditional(Lnet/minecraft/nbt/CompoundTag;Lnet/minecraft/core/HolderLookup$Provider;Lorg/spongepowered/asm/mixin/injection/callback/CallbackInfo;)V has 0 override(s) in child classes
[01Mar2026 13:31:45.579] [modloading-worker-0/DEBUG] [mixin/]: farmers_heaters.mixins.json:CookingPotBlockEntityMixin from mod farmers_heaters->@Inject::loadAdditional(Lnet/minecraft/nbt/CompoundTag;Lnet/minecraft/core/HolderLookup$Provider;Lorg/spongepowered/asm/mixin/injection/callback/CallbackInfo;)V won't be passed a CallbackInfo as a result
[01Mar2026 13:31:45.579] [modloading-worker-0/DEBUG] [mixin/]: farmers_heaters.mixins.json:CookingPotBlockEntityMixin from mod farmers_heaters->@Inject::saveAdditional(Lnet/minecraft/nbt/CompoundTag;Lnet/minecraft/core/HolderLookup$Provider;Lorg/spongepowered/asm/mixin/injection/callback/CallbackInfo;)V doesn't use it's CallbackInfo
[01Mar2026 13:31:45.579] [modloading-worker-0/DEBUG] [mixin/]: farmers_heaters.mixins.json:CookingPotBlockEntityMixin from mod farmers_heaters->@Inject::saveAdditional(Lnet/minecraft/nbt/CompoundTag;Lnet/minecraft/core/HolderLookup$Provider;Lorg/spongepowered/asm/mixin/injection/callback/CallbackInfo;)V has 0 override(s) in child classes
[01Mar2026 13:31:45.579] [modloading-worker-0/DEBUG] [mixin/]: farmers_heaters.mixins.json:CookingPotBlockEntityMixin from mod farmers_heaters->@Inject::saveAdditional(Lnet/minecraft/nbt/CompoundTag;Lnet/minecraft/core/HolderLookup$Provider;Lorg/spongepowered/asm/mixin/injection/callback/CallbackInfo;)V won't be passed a CallbackInfo as a result
[01Mar2026 13:31:45.579] [modloading-worker-0/DEBUG] [mixin/]: farmers_heaters.mixins.json:CookingPotBlockEntityMixin from mod farmers_heaters->@Inject::farmers_heaters$cookingTick(Lnet/minecraft/world/level/Level;Lnet/minecraft/core/BlockPos;Lnet/minecraft/world/level/block/state/BlockState;Lvectorwing/farmersdelight/common/block/entity/CookingPotBlockEntity;Lorg/spongepowered/asm/mixin/injection/callback/CallbackInfo;)V does use it's CallbackInfo
[01Mar2026 13:31:45.582] [modloading-worker-0/DEBUG] [mixin/]: Mixing HeatableBlockEntityMixin from farmers_heaters.mixins.json into vectorwing.farmersdelight.common.block.entity.HeatableBlockEntity
[01Mar2026 13:31:45.584] [modloading-worker-0/DEBUG] [io.netty.util.internal.InternalThreadLocalMap/]: -Dio.netty.threadLocalMap.stringBuilder.initialSize: 1024
[01Mar2026 13:31:45.584] [modloading-worker-0/WARN] [mixin/]: @Inject(@At("INVOKE")) Shift.BY=2 on farmers_heaters.mixins.json:HeatableBlockEntityMixin from mod farmers_heaters::handler$zbi000$farmers_heaters$isHeated exceeds the maximum allowed value: 0. Increase the value of maxShiftBy to suppress this warning.
[01Mar2026 13:31:45.584] [modloading-worker-0/DEBUG] [io.netty.util.internal.InternalThreadLocalMap/]: -Dio.netty.threadLocalMap.stringBuilder.maxSize: 4096
[01Mar2026 13:31:45.584] [modloading-worker-0/DEBUG] [mixin/]: farmers_heaters.mixins.json:HeatableBlockEntityMixin from mod farmers_heaters->@Inject::isHeated(Lnet/minecraft/world/level/Level;Lnet/minecraft/core/BlockPos;Lorg/spongepowered/asm/mixin/injection/callback/CallbackInfoReturnable;)V does use it's CallbackInfoReturnable
[01Mar2026 13:31:45.585] [modloading-worker-0/DEBUG] [io.netty.buffer.PooledByteBufAllocator/]: -Dio.netty.allocator.numHeapArenas: 20
[01Mar2026 13:31:45.586] [modloading-worker-0/DEBUG] [io.netty.buffer.PooledByteBufAllocator/]: -Dio.netty.allocator.numDirectArenas: 20
[01Mar2026 13:31:45.586] [modloading-worker-0/DEBUG] [io.netty.buffer.PooledByteBufAllocator/]: -Dio.netty.allocator.pageSize: 8192
[01Mar2026 13:31:45.586] [modloading-worker-0/DEBUG] [io.netty.buffer.PooledByteBufAllocator/]: -Dio.netty.allocator.maxOrder: 9
[01Mar2026 13:31:45.586] [modloading-worker-0/DEBUG] [io.netty.buffer.PooledByteBufAllocator/]: -Dio.netty.allocator.chunkSize: 4194304
[01Mar2026 13:31:45.586] [modloading-worker-0/DEBUG] [io.netty.buffer.PooledByteBufAllocator/]: -Dio.netty.allocator.smallCacheSize: 256
[01Mar2026 13:31:45.586] [modloading-worker-0/DEBUG] [io.netty.buffer.PooledByteBufAllocator/]: -Dio.netty.allocator.normalCacheSize: 64
[01Mar2026 13:31:45.586] [modloading-worker-0/DEBUG] [io.netty.buffer.PooledByteBufAllocator/]: -Dio.netty.allocator.maxCachedBufferCapacity: 32768
[01Mar2026 13:31:45.586] [modloading-worker-0/DEBUG] [io.netty.buffer.PooledByteBufAllocator/]: -Dio.netty.allocator.cacheTrimInterval: 8192
[01Mar2026 13:31:45.586] [modloading-worker-0/DEBUG] [io.netty.buffer.PooledByteBufAllocator/]: -Dio.netty.allocator.cacheTrimIntervalMillis: 0
[01Mar2026 13:31:45.586] [modloading-worker-0/DEBUG] [io.netty.buffer.PooledByteBufAllocator/]: -Dio.netty.allocator.useCacheForAllThreads: false
[01Mar2026 13:31:45.586] [modloading-worker-0/DEBUG] [mixin/]: Mixing CookingPotMenuMixin from farmers_heaters.mixins.json into vectorwing.farmersdelight.common.block.entity.container.CookingPotMenu
[01Mar2026 13:31:45.586] [modloading-worker-0/DEBUG] [io.netty.buffer.PooledByteBufAllocator/]: -Dio.netty.allocator.maxCachedByteBuffersPerChunk: 1023
[01Mar2026 13:31:45.590] [modloading-worker-0/DEBUG] [io.netty.buffer.ByteBufUtil/]: -Dio.netty.allocator.type: pooled
[01Mar2026 13:31:45.590] [modloading-worker-0/DEBUG] [io.netty.buffer.ByteBufUtil/]: -Dio.netty.threadLocalDirectBufferSize: 0
[01Mar2026 13:31:45.590] [modloading-worker-0/DEBUG] [io.netty.buffer.ByteBufUtil/]: -Dio.netty.maxThreadLocalCharBufferSize: 16384
[01Mar2026 13:31:45.591] [modloading-worker-0/DEBUG] [net.neoforged.fml.javafmlmod.AutomaticEventSubscriber/]: Subscribing @EventBusSubscriber class Lvectorwing/farmersdelight/common/block/entity/CookingPotBlockEntity; to the mod event bus of mod farmersdelight
[01Mar2026 13:31:45.591] [modloading-worker-0/DEBUG] [net.neoforged.fml.javafmlmod.AutomaticEventSubscriber/LOADING]: Scanning class vectorwing.farmersdelight.common.block.entity.CabinetBlockEntity for @SubscribeEvent-annotated methods
[01Mar2026 13:31:45.591] [modloading-worker-0/DEBUG] [net.neoforged.fml.javafmlmod.AutomaticEventSubscriber/]: Subscribing @EventBusSubscriber class Lvectorwing/farmersdelight/common/block/entity/CabinetBlockEntity; to the mod event bus of mod farmersdelight
[01Mar2026 13:31:45.592] [modloading-worker-0/DEBUG] [net.neoforged.fml.javafmlmod.AutomaticEventSubscriber/LOADING]: Scanning class vectorwing.farmersdelight.common.block.entity.BasketBlockEntity for @SubscribeEvent-annotated methods
[01Mar2026 13:31:45.592] [modloading-worker-0/DEBUG] [net.neoforged.fml.javafmlmod.AutomaticEventSubscriber/]: Subscribing @EventBusSubscriber class Lnet/neoforged/neoforge/network/filters/GenericPacketSplitter; to the mod event bus of mod neoforge
[01Mar2026 13:31:45.592] [modloading-worker-0/DEBUG] [net.neoforged.fml.javafmlmod.AutomaticEventSubscriber/]: Subscribing @EventBusSubscriber class Lvectorwing/farmersdelight/common/block/entity/BasketBlockEntity; to the mod event bus of mod farmersdelight
[01Mar2026 13:31:45.593] [modloading-worker-0/DEBUG] [net.neoforged.fml.javafmlmod.AutomaticEventSubscriber/LOADING]: Scanning class vectorwing.farmersdelight.common.block.CuttingBoardBlock$ToolCarvingEvent for @SubscribeEvent-annotated methods
[01Mar2026 13:31:45.593] [modloading-worker-0/DEBUG] [net.neoforged.fml.javafmlmod.AutomaticEventSubscriber/]: Subscribing @EventBusSubscriber class Lvectorwing/farmersdelight/common/block/CuttingBoardBlock$ToolCarvingEvent; to the game event bus
[01Mar2026 13:31:45.593] [modloading-worker-0/DEBUG] [net.neoforged.fml.javafmlmod.AutomaticEventSubscriber/LOADING]: Scanning class vectorwing.farmersdelight.client.event.TooltipEvents for @SubscribeEvent-annotated methods
[01Mar2026 13:31:45.594] [modloading-worker-0/DEBUG] [net.neoforged.fml.javafmlmod.AutomaticEventSubscriber/]: Subscribing @EventBusSubscriber class Lvectorwing/farmersdelight/client/event/TooltipEvents; to the game event bus
[01Mar2026 13:31:45.594] [modloading-worker-0/DEBUG] [net.neoforged.fml.javafmlmod.AutomaticEventSubscriber/LOADING]: Scanning class vectorwing.farmersdelight.client.event.ClientSetupEvents for @SubscribeEvent-annotated methods
[01Mar2026 13:31:45.594] [modloading-worker-0/DEBUG] [net.neoforged.fml.javafmlmod.AutomaticEventSubscriber/LOADING]: Scanning class net.neoforged.neoforge.network.NetworkInitialization for @SubscribeEvent-annotated methods
[01Mar2026 13:31:45.594] [modloading-worker-0/DEBUG] [net.neoforged.fml.javafmlmod.AutomaticEventSubscriber/]: Subscribing @EventBusSubscriber class Lnet/neoforged/neoforge/network/NetworkInitialization; to the mod event bus of mod neoforge
[01Mar2026 13:31:45.594] [modloading-worker-0/DEBUG] [net.neoforged.fml.javafmlmod.AutomaticEventSubscriber/LOADING]: Scanning class net.neoforged.neoforge.network.ConfigurationInitialization for @SubscribeEvent-annotated methods
[01Mar2026 13:31:45.594] [modloading-worker-0/DEBUG] [net.neoforged.fml.javafmlmod.AutomaticEventSubscriber/]: Subscribing @EventBusSubscriber class Lvectorwing/farmersdelight/client/event/ClientSetupEvents; to the mod event bus of mod farmersdelight
[01Mar2026 13:31:45.595] [modloading-worker-0/DEBUG] [net.neoforged.fml.javafmlmod.AutomaticEventSubscriber/]: Subscribing @EventBusSubscriber class Lnet/neoforged/neoforge/network/ConfigurationInitialization; to the mod event bus of mod neoforge
[01Mar2026 13:31:45.595] [modloading-worker-0/DEBUG] [net.neoforged.fml.javafmlmod.AutomaticEventSubscriber/LOADING]: Scanning class net.neoforged.neoforge.common.MonsterRoomHooks for @SubscribeEvent-annotated methods
[01Mar2026 13:31:45.596] [modloading-worker-0/DEBUG] [net.neoforged.fml.javafmlmod.AutomaticEventSubscriber/]: Subscribing @EventBusSubscriber class Lnet/neoforged/neoforge/common/MonsterRoomHooks; to the game event bus
[01Mar2026 13:31:45.596] [modloading-worker-0/DEBUG] [net.neoforged.fml.javafmlmod.AutomaticEventSubscriber/LOADING]: Scanning class net.neoforged.neoforge.common.DeferredSpawnEggItem$CommonHandler for @SubscribeEvent-annotated methods
[01Mar2026 13:31:45.596] [modloading-worker-0/DEBUG] [net.neoforged.fml.javafmlmod.AutomaticEventSubscriber/]: Subscribing @EventBusSubscriber class Lnet/neoforged/neoforge/common/DeferredSpawnEggItem$CommonHandler; to the mod event bus of mod neoforge
[01Mar2026 13:31:45.596] [modloading-worker-0/DEBUG] [net.neoforged.fml.javafmlmod.AutomaticEventSubscriber/LOADING]: Scanning class net.neoforged.neoforge.common.DeferredSpawnEggItem$ColorRegisterHandler for @SubscribeEvent-annotated methods
[01Mar2026 13:31:45.597] [modloading-worker-0/DEBUG] [net.neoforged.fml.javafmlmod.AutomaticEventSubscriber/]: Subscribing @EventBusSubscriber class Lnet/neoforged/neoforge/common/DeferredSpawnEggItem$ColorRegisterHandler; to the mod event bus of mod neoforge
[01Mar2026 13:31:45.597] [modloading-worker-0/DEBUG] [net.neoforged.fml.javafmlmod.AutomaticEventSubscriber/LOADING]: Scanning class net.neoforged.neoforge.client.model.data.ModelDataManager for @SubscribeEvent-annotated methods
[01Mar2026 13:31:45.597] [modloading-worker-0/DEBUG] [net.neoforged.fml.javafmlmod.AutomaticEventSubscriber/]: Subscribing @EventBusSubscriber class Lnet/neoforged/neoforge/client/model/data/ModelDataManager; to the game event bus
[01Mar2026 13:31:45.598] [modloading-worker-0/DEBUG] [net.neoforged.fml.javafmlmod.AutomaticEventSubscriber/LOADING]: Scanning class net.neoforged.neoforge.client.ParticleBoundsDebugRenderer for @SubscribeEvent-annotated methods
[01Mar2026 13:31:45.599] [modloading-worker-0/DEBUG] [net.neoforged.fml.javafmlmod.AutomaticEventSubscriber/]: Subscribing @EventBusSubscriber class Lnet/neoforged/neoforge/client/ParticleBoundsDebugRenderer; to the game event bus
[01Mar2026 13:31:45.599] [modloading-worker-0/DEBUG] [net.neoforged.fml.javafmlmod.AutomaticEventSubscriber/LOADING]: Scanning class net.neoforged.neoforge.client.ClientHooks$ClientEvents for @SubscribeEvent-annotated methods
[01Mar2026 13:31:45.600] [modloading-worker-0/DEBUG] [net.neoforged.fml.javafmlmod.AutomaticEventSubscriber/]: Subscribing @EventBusSubscriber class Lnet/neoforged/neoforge/client/ClientHooks$ClientEvents; to the mod event bus of mod neoforge
[01Mar2026 13:31:45.600] [modloading-worker-0/DEBUG] [net.neoforged.fml.javafmlmod.AutomaticEventSubscriber/LOADING]: Scanning class net.neoforged.neoforge.client.BlockEntityRenderBoundsDebugRenderer for @SubscribeEvent-annotated methods
[01Mar2026 13:31:45.601] [modloading-worker-0/DEBUG] [net.neoforged.fml.javafmlmod.AutomaticEventSubscriber/]: Subscribing @EventBusSubscriber class Lnet/neoforged/neoforge/client/BlockEntityRenderBoundsDebugRenderer; to the game event bus
[01Mar2026 13:31:45.601] [modloading-worker-0/DEBUG] [net.neoforged.fml.javafmlmod.AutomaticEventSubscriber/LOADING]: Scanning class net.neoforged.neoforge.attachment.AttachmentSync for @SubscribeEvent-annotated methods
[01Mar2026 13:31:45.603] [modloading-worker-0/DEBUG] [net.neoforged.fml.javafmlmod.AutomaticEventSubscriber/]: Subscribing @EventBusSubscriber class Lnet/neoforged/neoforge/attachment/AttachmentSync; to the game event bus
[01Mar2026 13:31:45.603] [modloading-worker-0/DEBUG] [net.neoforged.fml.javafmlmod.AutomaticEventSubscriber/LOADING]: Scanning class net.neoforged.neoforge.attachment.AttachmentInternals for @SubscribeEvent-annotated methods
[01Mar2026 13:31:45.603] [modloading-worker-0/DEBUG] [net.neoforged.fml.javafmlmod.AutomaticEventSubscriber/]: Subscribing @EventBusSubscriber class Lnet/neoforged/neoforge/attachment/AttachmentInternals; to the game event bus
[01Mar2026 13:31:45.617] [modloading-worker-0/DEBUG] [net.neoforged.fml.javafmlmod.AutomaticEventSubscriber/LOADING]: Attempting to inject @EventBusSubscriber classes into the eventbus for mynethersdelight
[01Mar2026 13:31:45.617] [modloading-worker-0/DEBUG] [net.neoforged.fml.javafmlmod.AutomaticEventSubscriber/LOADING]: Scanning class com.soytutta.mynethersdelight.core.data.MNDDataGenerators for @SubscribeEvent-annotated methods
[01Mar2026 13:31:45.618] [modloading-worker-0/DEBUG] [net.neoforged.fml.javafmlmod.AutomaticEventSubscriber/]: Subscribing @EventBusSubscriber class Lcom/soytutta/mynethersdelight/core/data/MNDDataGenerators; to the mod event bus of mod mynethersdelight
[01Mar2026 13:31:45.618] [modloading-worker-0/DEBUG] [net.neoforged.fml.javafmlmod.AutomaticEventSubscriber/LOADING]: Scanning class com.soytutta.mynethersdelight.common.registry.MNDBlockEntityTypes for @SubscribeEvent-annotated methods
[01Mar2026 13:31:45.618] [modloading-worker-0/DEBUG] [net.neoforged.fml.javafmlmod.AutomaticEventSubscriber/]: Subscribing @EventBusSubscriber class Lcom/soytutta/mynethersdelight/common/registry/MNDBlockEntityTypes; to the mod event bus of mod mynethersdelight
[01Mar2026 13:31:45.618] [modloading-worker-0/DEBUG] [net.neoforged.fml.javafmlmod.AutomaticEventSubscriber/LOADING]: Scanning class com.soytutta.mynethersdelight.common.item.HotCreamConeItem$StriderFoodEvent for @SubscribeEvent-annotated methods
[01Mar2026 13:31:45.619] [modloading-worker-0/DEBUG] [net.neoforged.fml.javafmlmod.AutomaticEventSubscriber/]: Subscribing @EventBusSubscriber class Lcom/soytutta/mynethersdelight/common/item/HotCreamConeItem$StriderFoodEvent; to the game event bus
[01Mar2026 13:31:45.619] [modloading-worker-0/DEBUG] [net.neoforged.fml.javafmlmod.AutomaticEventSubscriber/LOADING]: Scanning class com.soytutta.mynethersdelight.common.events.CommonEvent for @SubscribeEvent-annotated methods
[01Mar2026 13:31:45.620] [modloading-worker-0/DEBUG] [net.neoforged.fml.javafmlmod.AutomaticEventSubscriber/]: Subscribing @EventBusSubscriber class Lcom/soytutta/mynethersdelight/common/events/CommonEvent; to the game event bus
[01Mar2026 13:31:45.620] [modloading-worker-0/DEBUG] [net.neoforged.fml.javafmlmod.AutomaticEventSubscriber/LOADING]: Scanning class com.soytutta.mynethersdelight.client.event.ClientSetupEvents for @SubscribeEvent-annotated methods
[01Mar2026 13:31:45.621] [modloading-worker-0/DEBUG] [net.neoforged.fml.javafmlmod.AutomaticEventSubscriber/]: Subscribing @EventBusSubscriber class Lcom/soytutta/mynethersdelight/client/event/ClientSetupEvents; to the mod event bus of mod mynethersdelight
[01Mar2026 13:31:45.625] [modloading-worker-0/DEBUG] [net.neoforged.fml.config.ConfigTracker/CONFIG]: Config file central_heater-common.toml for central_heater tracking
[01Mar2026 13:31:45.625] [modloading-worker-0/DEBUG] [net.neoforged.fml.javafmlmod.AutomaticEventSubscriber/LOADING]: Attempting to inject @EventBusSubscriber classes into the eventbus for central_heater
[01Mar2026 13:31:45.625] [modloading-worker-0/DEBUG] [net.neoforged.fml.javafmlmod.AutomaticEventSubscriber/LOADING]: Scanning class com.minecart.central_heater.event.ClientModEvents for @SubscribeEvent-annotated methods
[01Mar2026 13:31:45.634] [modloading-worker-0/DEBUG] [net.neoforged.fml.javafmlmod.AutomaticEventSubscriber/]: Subscribing @EventBusSubscriber class Lcom/minecart/central_heater/event/ClientModEvents; to the mod event bus of mod central_heater
[01Mar2026 13:31:45.634] [modloading-worker-0/DEBUG] [net.neoforged.fml.javafmlmod.AutomaticEventSubscriber/LOADING]: Scanning class com.minecart.central_heater.event.ServerGameEvents for @SubscribeEvent-annotated methods
[01Mar2026 13:31:45.635] [modloading-worker-0/DEBUG] [net.neoforged.fml.javafmlmod.AutomaticEventSubscriber/]: Subscribing @EventBusSubscriber class Lcom/minecart/central_heater/event/ServerGameEvents; to the game event bus
[01Mar2026 13:31:45.635] [modloading-worker-0/DEBUG] [net.neoforged.fml.javafmlmod.AutomaticEventSubscriber/LOADING]: Scanning class com.minecart.central_heater.event.ServerModEvents for @SubscribeEvent-annotated methods
[01Mar2026 13:31:45.635] [modloading-worker-0/DEBUG] [net.neoforged.fml.javafmlmod.AutomaticEventSubscriber/]: Subscribing @EventBusSubscriber class Lcom/minecart/central_heater/event/ServerModEvents; to the mod event bus of mod central_heater
[01Mar2026 13:31:45.635] [modloading-worker-0/DEBUG] [net.neoforged.fml.javafmlmod.AutomaticEventSubscriber/LOADING]: Scanning class com.minecart.central_heater.structure.StructureAddition for @SubscribeEvent-annotated methods
[01Mar2026 13:31:45.635] [modloading-worker-0/DEBUG] [net.neoforged.fml.javafmlmod.AutomaticEventSubscriber/]: Subscribing @EventBusSubscriber class Lcom/minecart/central_heater/structure/StructureAddition; to the game event bus
[01Mar2026 13:31:45.636] [modloading-worker-0/DEBUG] [net.neoforged.fml.javafmlmod.AutomaticEventSubscriber/LOADING]: Scanning class com.minecart.central_heater.data_generation.AllDataGeneration for @SubscribeEvent-annotated methods
[01Mar2026 13:31:45.636] [modloading-worker-0/DEBUG] [net.neoforged.fml.javafmlmod.AutomaticEventSubscriber/]: Subscribing @EventBusSubscriber class Lcom/minecart/central_heater/data_generation/AllDataGeneration; to the mod event bus of mod central_heater
[01Mar2026 13:31:45.636] [modloading-worker-0/DEBUG] [net.neoforged.fml.javafmlmod.AutomaticEventSubscriber/LOADING]: Scanning class com.minecart.central_heater.item.RegisterBurnTime for @SubscribeEvent-annotated methods
[01Mar2026 13:31:45.636] [modloading-worker-0/DEBUG] [net.neoforged.fml.javafmlmod.AutomaticEventSubscriber/]: Subscribing @EventBusSubscriber class Lcom/minecart/central_heater/item/RegisterBurnTime; to the game event bus
[01Mar2026 13:31:45.636] [modloading-worker-0/DEBUG] [net.neoforged.fml.javafmlmod.AutomaticEventSubscriber/LOADING]: Scanning class com.minecart.central_heater.capability.AllCapabilities for @SubscribeEvent-annotated methods
[01Mar2026 13:31:45.637] [modloading-worker-0/DEBUG] [net.neoforged.fml.javafmlmod.AutomaticEventSubscriber/]: Subscribing @EventBusSubscriber class Lcom/minecart/central_heater/capability/AllCapabilities; to the mod event bus of mod central_heater
[01Mar2026 13:31:45.638] [modloading-worker-0/DEBUG] [net.neoforged.fml.javafmlmod.AutomaticEventSubscriber/LOADING]: Scanning class com.minecart.central_heater.misc.DataMapHook for @SubscribeEvent-annotated methods
[01Mar2026 13:31:45.638] [modloading-worker-0/DEBUG] [net.neoforged.fml.javafmlmod.AutomaticEventSubscriber/]: Subscribing @EventBusSubscriber class Lcom/minecart/central_heater/misc/DataMapHook; to the mod event bus of mod central_heater
[01Mar2026 13:31:45.638] [modloading-worker-0/DEBUG] [net.neoforged.fml.javafmlmod.AutomaticEventSubscriber/LOADING]: Scanning class com.minecart.central_heater.misc.Config for @SubscribeEvent-annotated methods
[01Mar2026 13:31:45.638] [modloading-worker-0/DEBUG] [net.neoforged.fml.javafmlmod.AutomaticEventSubscriber/]: Subscribing @EventBusSubscriber class Lcom/minecart/central_heater/misc/Config; to the mod event bus of mod central_heater
[01Mar2026 13:31:45.640] [modloading-worker-0/DEBUG] [net.neoforged.fml.config.ConfigTracker/CONFIG]: Config file farmers_heaters-common.toml for farmers_heaters tracking
[01Mar2026 13:31:45.640] [modloading-worker-0/DEBUG] [net.neoforged.fml.javafmlmod.AutomaticEventSubscriber/LOADING]: Attempting to inject @EventBusSubscriber classes into the eventbus for farmers_heaters
[01Mar2026 13:31:45.640] [modloading-worker-0/DEBUG] [net.neoforged.fml.javafmlmod.AutomaticEventSubscriber/LOADING]: Scanning class com.minecart.farmers_heaters.FarmersHeaters$ClientModEvents for @SubscribeEvent-annotated methods
[01Mar2026 13:31:45.640] [modloading-worker-0/DEBUG] [net.neoforged.fml.javafmlmod.AutomaticEventSubscriber/]: Subscribing @EventBusSubscriber class Lcom/minecart/farmers_heaters/FarmersHeaters$ClientModEvents; to the mod event bus of mod farmers_heaters
[01Mar2026 13:31:45.640] [modloading-worker-0/DEBUG] [net.neoforged.fml.javafmlmod.AutomaticEventSubscriber/LOADING]: Scanning class com.minecart.farmers_heaters.Config for @SubscribeEvent-annotated methods
[01Mar2026 13:31:45.640] [modloading-worker-0/DEBUG] [net.neoforged.fml.javafmlmod.AutomaticEventSubscriber/]: Subscribing @EventBusSubscriber class Lcom/minecart/farmers_heaters/Config; to the mod event bus of mod farmers_heaters
[01Mar2026 13:31:45.640] [modloading-worker-0/DEBUG] [net.neoforged.fml.javafmlmod.AutomaticEventSubscriber/LOADING]: Scanning class com.minecart.farmers_heaters.data_generation.DataGeneration for @SubscribeEvent-annotated methods
[01Mar2026 13:31:45.641] [modloading-worker-0/DEBUG] [net.neoforged.fml.javafmlmod.AutomaticEventSubscriber/]: Subscribing @EventBusSubscriber class Lcom/minecart/farmers_heaters/data_generation/DataGeneration; to the mod event bus of mod farmers_heaters
[01Mar2026 13:31:46.006] [modloading-sync-worker/DEBUG] [net.neoforged.fml.config.ConfigTracker/CONFIG]: Loading configs type CLIENT
[01Mar2026 13:31:46.016] [modloading-sync-worker/DEBUG] [net.neoforged.fml.config.ConfigTracker/CONFIG]: Loaded TOML config file /Users/fengyue.john.zhu/Documents/Farmers Heaters 1.21.1/run/config/farmersdelight-client.toml
[01Mar2026 13:31:46.017] [modloading-sync-worker/DEBUG] [net.neoforged.fml.config.ConfigTracker/CONFIG]: Watching TOML config file /Users/fengyue.john.zhu/Documents/Farmers Heaters 1.21.1/run/config/farmersdelight-client.toml for changes
[01Mar2026 13:31:46.018] [modloading-sync-worker/DEBUG] [net.neoforged.neoforge.common.NeoForgeConfig/FORGEMOD]: Loaded NeoForge config file neoforge-client.toml
[01Mar2026 13:31:46.018] [modloading-sync-worker/DEBUG] [net.neoforged.fml.config.ConfigTracker/CONFIG]: Loaded TOML config file /Users/fengyue.john.zhu/Documents/Farmers Heaters 1.21.1/run/config/neoforge-client.toml
[01Mar2026 13:31:46.018] [modloading-sync-worker/DEBUG] [net.neoforged.fml.config.ConfigTracker/CONFIG]: Watching TOML config file /Users/fengyue.john.zhu/Documents/Farmers Heaters 1.21.1/run/config/neoforge-client.toml for changes
[01Mar2026 13:31:46.018] [modloading-sync-worker/DEBUG] [net.neoforged.fml.config.ConfigTracker/CONFIG]: Loading configs type COMMON
[01Mar2026 13:31:46.020] [modloading-sync-worker/DEBUG] [net.neoforged.fml.config.ConfigTracker/CONFIG]: Loaded TOML config file /Users/fengyue.john.zhu/Documents/Farmers Heaters 1.21.1/run/config/farmersdelight-common.toml
[01Mar2026 13:31:46.020] [modloading-sync-worker/DEBUG] [net.neoforged.fml.config.ConfigTracker/CONFIG]: Watching TOML config file /Users/fengyue.john.zhu/Documents/Farmers Heaters 1.21.1/run/config/farmersdelight-common.toml for changes
[01Mar2026 13:31:46.020] [modloading-sync-worker/DEBUG] [net.neoforged.neoforge.common.NeoForgeConfig/FORGEMOD]: Loaded NeoForge config file neoforge-common.toml
[01Mar2026 13:31:46.020] [modloading-sync-worker/DEBUG] [net.neoforged.fml.config.ConfigTracker/CONFIG]: Loaded TOML config file /Users/fengyue.john.zhu/Documents/Farmers Heaters 1.21.1/run/config/neoforge-common.toml
[01Mar2026 13:31:46.020] [modloading-sync-worker/DEBUG] [net.neoforged.fml.config.ConfigTracker/CONFIG]: Watching TOML config file /Users/fengyue.john.zhu/Documents/Farmers Heaters 1.21.1/run/config/neoforge-common.toml for changes
[01Mar2026 13:31:46.021] [modloading-sync-worker/DEBUG] [net.neoforged.fml.config.ConfigTracker/CONFIG]: Loaded TOML config file /Users/fengyue.john.zhu/Documents/Farmers Heaters 1.21.1/run/config/central_heater-common.toml
[01Mar2026 13:31:46.021] [modloading-sync-worker/DEBUG] [net.neoforged.fml.config.ConfigTracker/CONFIG]: Watching TOML config file /Users/fengyue.john.zhu/Documents/Farmers Heaters 1.21.1/run/config/central_heater-common.toml for changes
[01Mar2026 13:31:46.022] [modloading-sync-worker/DEBUG] [net.neoforged.fml.config.ConfigTracker/CONFIG]: Loaded TOML config file /Users/fengyue.john.zhu/Documents/Farmers Heaters 1.21.1/run/config/farmers_heaters-common.toml
[01Mar2026 13:31:46.022] [modloading-sync-worker/DEBUG] [net.neoforged.fml.config.ConfigTracker/CONFIG]: Watching TOML config file /Users/fengyue.john.zhu/Documents/Farmers Heaters 1.21.1/run/config/farmers_heaters-common.toml for changes
[01Mar2026 13:31:46.225] [Render thread/DEBUG] [mixin/]: Mixing HideBlockBreakProgressMixin from farmersdelight.mixins.json into net.minecraft.client.renderer.block.BlockRenderDispatcher
[01Mar2026 13:31:46.227] [Render thread/DEBUG] [mixin/]: farmersdelight.mixins.json:HideBlockBreakProgressMixin from mod farmersdelight->@Inject::hideBlockDamage(Lnet/minecraft/world/level/block/state/BlockState;Lnet/minecraft/core/BlockPos;Lnet/minecraft/world/level/BlockAndTintGetter;Lcom/mojang/blaze3d/vertex/PoseStack;Lcom/mojang/blaze3d/vertex/VertexConsumer;Lnet/neoforged/neoforge/client/model/data/ModelData;Lorg/spongepowered/asm/mixin/injection/callback/CallbackInfo;)V does use it's CallbackInfo
[01Mar2026 13:31:46.340] [Render thread/INFO] [net.neoforged.neoforge.gametest.GameTestHooks/]: Enabled Gametest Namespaces: [farmers_heaters]
[01Mar2026 13:31:46.355] [Render thread/DEBUG] [mixin/]: Mixing CookingPotScreenMixin from farmers_heaters.mixins.json into vectorwing.farmersdelight.client.gui.CookingPotScreen
[01Mar2026 13:31:46.593] [Render thread/INFO] [net.minecraft.server.packs.resources.ReloadableResourceManager/]: Reloading ResourceManager: vanilla, mod_resources, mod/farmersdelight, mod/mynethersdelight, mod/neoforge, mod/central_heater, mod/farmers_heaters, mod/jei
[01Mar2026 13:31:46.602] [Worker-Main-2/INFO] [com.minecart.farmers_heaters.FarmersHeaters/]: HELLO FROM COMMON SETUP
[01Mar2026 13:31:46.603] [Worker-Main-2/INFO] [com.minecart.farmers_heaters.FarmersHeaters/]: DIRT BLOCK >> minecraft:dirt
[01Mar2026 13:31:46.603] [Worker-Main-2/INFO] [com.minecart.farmers_heaters.FarmersHeaters/]: The magic number is... 42
[01Mar2026 13:31:46.603] [Worker-Main-2/INFO] [com.minecart.farmers_heaters.FarmersHeaters/]: ITEM >> minecraft:iron_ingot
[01Mar2026 13:31:46.632] [Render thread/DEBUG] [net.neoforged.fml.DeferredWorkQueue/LOADING]: Dispatching synchronous work for work queue Common setup: 3 jobs
[01Mar2026 13:31:46.635] [Render thread/DEBUG] [net.neoforged.fml.DeferredWorkQueue/LOADING]: Synchronous work queue completed in 2.568 ms
[01Mar2026 13:31:46.672] [Worker-Main-5/INFO] [net.minecraft.client.gui.font.providers.UnihexProvider/]: Found unifont_all_no_pua-15.1.05.hex, loading
[01Mar2026 13:31:46.752] [Worker-Main-4/INFO] [net.minecraft.client.gui.font.providers.UnihexProvider/]: Found unifont_jp_patch-15.1.05.hex, loading
[01Mar2026 13:31:46.764] [Render thread/DEBUG] [net.neoforged.fml.DeferredWorkQueue/LOADING]: Dispatching synchronous work for work queue Sided setup: 3 jobs
[01Mar2026 13:31:46.777] [Render thread/DEBUG] [net.neoforged.fml.DeferredWorkQueue/LOADING]: Synchronous work queue completed in 13.07 ms
[01Mar2026 13:31:47.694] [Render thread/WARN] [net.minecraft.client.sounds.SoundEngine/]: Missing sound for event: minecraft:item.goat_horn.play
[01Mar2026 13:31:47.694] [Render thread/WARN] [net.minecraft.client.sounds.SoundEngine/]: Missing sound for event: minecraft:entity.goat.screaming.horn_break
[01Mar2026 13:31:47.798] [Render thread/INFO] [com.mojang.blaze3d.audio.Library/]: OpenAL initialized on device MacBook Pro Speakers
[01Mar2026 13:31:47.799] [Render thread/INFO] [net.minecraft.client.sounds.SoundEngine/SOUNDS]: Sound engine started
[01Mar2026 13:31:47.866] [Render thread/INFO] [net.minecraft.client.renderer.texture.TextureAtlas/]: Created: 1024x1024x4 minecraft:textures/atlas/blocks.png-atlas
[01Mar2026 13:31:47.880] [Render thread/INFO] [net.minecraft.client.renderer.texture.TextureAtlas/]: Created: 512x256x4 minecraft:textures/atlas/signs.png-atlas
[01Mar2026 13:31:47.881] [Render thread/INFO] [net.minecraft.client.renderer.texture.TextureAtlas/]: Created: 512x512x4 minecraft:textures/atlas/shield_patterns.png-atlas
[01Mar2026 13:31:47.881] [Render thread/INFO] [net.minecraft.client.renderer.texture.TextureAtlas/]: Created: 512x512x4 minecraft:textures/atlas/banner_patterns.png-atlas
[01Mar2026 13:31:47.882] [Render thread/INFO] [net.minecraft.client.renderer.texture.TextureAtlas/]: Created: 1024x1024x4 minecraft:textures/atlas/armor_trims.png-atlas
[01Mar2026 13:31:47.885] [Render thread/INFO] [net.minecraft.client.renderer.texture.TextureAtlas/]: Created: 256x256x4 minecraft:textures/atlas/chest.png-atlas
[01Mar2026 13:31:47.886] [Render thread/INFO] [net.minecraft.client.renderer.texture.TextureAtlas/]: Created: 128x64x4 minecraft:textures/atlas/decorated_pot.png-atlas
[01Mar2026 13:31:47.886] [Render thread/INFO] [net.minecraft.client.renderer.texture.TextureAtlas/]: Created: 512x256x4 minecraft:textures/atlas/beds.png-atlas
[01Mar2026 13:31:47.886] [Render thread/INFO] [net.minecraft.client.renderer.texture.TextureAtlas/]: Created: 512x256x4 minecraft:textures/atlas/shulker_boxes.png-atlas
[01Mar2026 13:31:47.923] [Render thread/INFO] [net.minecraft.client.renderer.texture.TextureAtlas/]: Created: 512x256x0 minecraft:textures/atlas/particles.png-atlas
[01Mar2026 13:31:47.924] [Render thread/INFO] [net.minecraft.client.renderer.texture.TextureAtlas/]: Created: 512x256x0 minecraft:textures/atlas/paintings.png-atlas
[01Mar2026 13:31:47.924] [Render thread/INFO] [net.minecraft.client.renderer.texture.TextureAtlas/]: Created: 256x128x0 minecraft:textures/atlas/mob_effects.png-atlas
[01Mar2026 13:31:47.924] [Render thread/INFO] [net.minecraft.client.renderer.texture.TextureAtlas/]: Created: 64x64x0 minecraft:textures/atlas/map_decorations.png-atlas
[01Mar2026 13:31:47.924] [Render thread/INFO] [net.minecraft.client.renderer.texture.TextureAtlas/]: Created: 1024x512x0 minecraft:textures/atlas/gui.png-atlas
[01Mar2026 13:31:47.964] [Render thread/WARN] [net.minecraft.client.renderer.ShaderInstance/]: Shader rendertype_entity_translucent_emissive could not find sampler named Sampler2 in the specified shader program.
[01Mar2026 13:31:48.032] [Render thread/INFO] [net.neoforged.neoforge.client.entity.animation.json.AnimationLoader/]: Loaded 0 entity animations
[01Mar2026 13:31:48.032] [Render thread/INFO] [net.minecraft.client.renderer.texture.TextureAtlas/]: Created: 256x256x0 jei:textures/atlas/gui.png-atlas
[01Mar2026 13:31:51.175] [Render thread/WARN] [net.neoforged.neoforge.common.CommonHooks/WP]: The following mods have version differences that were not resolved:
central_heater (version 1.2.2 -> 1.3.0)
Things may not work well.
[01Mar2026 13:31:51.615] [Worker-Main-7/WARN] [net.neoforged.neoforge.registries.DataMapLoader/]: Found data map file for non-existent data map type 'minersdelight:cup_variant' on registry 'minecraft:item'.
[01Mar2026 13:31:51.698] [Render thread/ERROR] [net.minecraft.world.item.crafting.RecipeManager/]: Parsing error loading recipe brewinandchewin:fermenting/ghast_sourdough
com.google.gson.JsonParseException: Unknown registry key in ResourceKey[minecraft:root / minecraft:recipe_serializer]: brewinandchewin:fermenting
	at MC-BOOTSTRAP/datafixerupper@8.0.16/com.mojang.serialization.DataResult$Error.getOrThrow(DataResult.java:287) ~[datafixerupper-8.0.16.jar%23115!/:?]
	at TRANSFORMER/minecraft@1.21.1/net.minecraft.world.item.crafting.RecipeManager.apply(RecipeManager.java:60) ~[neoforge-21.1.216.jar%23184!/:?]
	at TRANSFORMER/minecraft@1.21.1/net.minecraft.world.item.crafting.RecipeManager.apply(RecipeManager.java:36) ~[neoforge-21.1.216.jar%23184!/:?]
	at TRANSFORMER/minecraft@1.21.1/net.minecraft.server.packs.resources.SimplePreparableReloadListener.lambda$reload$1(SimplePreparableReloadListener.java:19) ~[neoforge-21.1.216.jar%23184!/:?]
	at java.base/java.util.concurrent.CompletableFuture$UniAccept.tryFire(CompletableFuture.java:718) ~[?:?]
	at java.base/java.util.concurrent.CompletableFuture$Completion.run(CompletableFuture.java:482) ~[?:?]
	at TRANSFORMER/minecraft@1.21.1/net.minecraft.server.packs.resources.SimpleReloadInstance.lambda$new$3(SimpleReloadInstance.java:86) ~[neoforge-21.1.216.jar%23184!/:?]
	at TRANSFORMER/minecraft@1.21.1/net.minecraft.util.thread.BlockableEventLoop.doRunTask(BlockableEventLoop.java:151) ~[neoforge-21.1.216.jar%23184!/:?]
	at TRANSFORMER/minecraft@1.21.1/net.minecraft.util.thread.ReentrantBlockableEventLoop.doRunTask(ReentrantBlockableEventLoop.java:24) ~[neoforge-21.1.216.jar%23184!/:?]
	at TRANSFORMER/minecraft@1.21.1/net.minecraft.util.thread.BlockableEventLoop.pollTask(BlockableEventLoop.java:122) ~[neoforge-21.1.216.jar%23184!/:?]
	at TRANSFORMER/minecraft@1.21.1/net.minecraft.util.thread.BlockableEventLoop.managedBlock(BlockableEventLoop.java:135) ~[neoforge-21.1.216.jar%23184!/:?]
	at TRANSFORMER/minecraft@1.21.1/net.minecraft.client.gui.screens.worldselection.WorldOpenFlows.loadWorldDataBlocking(WorldOpenFlows.java:201) ~[neoforge-21.1.216.jar%23184!/:?]
	at TRANSFORMER/minecraft@1.21.1/net.minecraft.client.gui.screens.worldselection.WorldOpenFlows.loadWorldStem(WorldOpenFlows.java:142) ~[neoforge-21.1.216.jar%23184!/:?]
	at TRANSFORMER/minecraft@1.21.1/net.minecraft.client.gui.screens.worldselection.WorldOpenFlows.openWorldLoadLevelStem(WorldOpenFlows.java:346) ~[neoforge-21.1.216.jar%23184!/:?]
	at TRANSFORMER/minecraft@1.21.1/net.minecraft.client.gui.screens.worldselection.WorldOpenFlows.openWorldCheckVersionCompatibility(WorldOpenFlows.java:335) ~[neoforge-21.1.216.jar%23184!/:?]
	at TRANSFORMER/minecraft@1.21.1/net.minecraft.client.gui.screens.worldselection.WorldOpenFlows.openWorldLoadLevelData(WorldOpenFlows.java:297) ~[neoforge-21.1.216.jar%23184!/:?]
	at TRANSFORMER/minecraft@1.21.1/net.minecraft.client.gui.screens.worldselection.WorldOpenFlows.openWorld(WorldOpenFlows.java:261) ~[neoforge-21.1.216.jar%23184!/:?]
	at TRANSFORMER/minecraft@1.21.1/net.minecraft.client.gui.screens.worldselection.WorldSelectionList$WorldListEntry.joinWorld(WorldSelectionList.java:516) ~[neoforge-21.1.216.jar%23184!/:?]
	at TRANSFORMER/minecraft@1.21.1/net.minecraft.client.gui.screens.worldselection.WorldSelectionList$WorldListEntry.mouseClicked(WorldSelectionList.java:499) ~[neoforge-21.1.216.jar%23184!/:?]
	at TRANSFORMER/minecraft@1.21.1/net.minecraft.client.gui.components.AbstractSelectionList.mouseClicked(AbstractSelectionList.java:303) ~[neoforge-21.1.216.jar%23184!/:?]
	at TRANSFORMER/minecraft@1.21.1/net.minecraft.client.gui.components.events.ContainerEventHandler.mouseClicked(ContainerEventHandler.java:52) ~[neoforge-21.1.216.jar%23184!/:?]
	at TRANSFORMER/minecraft@1.21.1/net.minecraft.client.MouseHandler.lambda$onPress$0(MouseHandler.java:103) ~[neoforge-21.1.216.jar%23184!/:?]
	at TRANSFORMER/minecraft@1.21.1/net.minecraft.client.gui.screens.Screen.wrapScreenError(Screen.java:471) ~[neoforge-21.1.216.jar%23184!/:?]
	at TRANSFORMER/minecraft@1.21.1/net.minecraft.client.MouseHandler.onPress(MouseHandler.java:100) ~[neoforge-21.1.216.jar%23184!/:?]
	at TRANSFORMER/minecraft@1.21.1/net.minecraft.client.MouseHandler.lambda$setup$4(MouseHandler.java:212) ~[neoforge-21.1.216.jar%23184!/:?]
	at TRANSFORMER/minecraft@1.21.1/net.minecraft.util.thread.BlockableEventLoop.execute(BlockableEventLoop.java:98) ~[neoforge-21.1.216.jar%23184!/:?]
	at TRANSFORMER/minecraft@1.21.1/net.minecraft.client.MouseHandler.lambda$setup$5(MouseHandler.java:212) ~[neoforge-21.1.216.jar%23184!/:?]
	at MC-BOOTSTRAP/org.lwjgl.glfw@3.3.3+5/org.lwjgl.glfw.GLFWMouseButtonCallbackI.callback(GLFWMouseButtonCallbackI.java:43) ~[lwjgl-glfw-3.3.3.jar%23167!/:build 5]
	at MC-BOOTSTRAP/org.lwjgl@3.3.3+5/org.lwjgl.system.JNI.invokeV(Native Method) ~[lwjgl-3.3.3.jar%23179!/:build 5]
	at MC-BOOTSTRAP/org.lwjgl.glfw@3.3.3+5/org.lwjgl.glfw.GLFW.glfwPollEvents(GLFW.java:3438) ~[lwjgl-glfw-3.3.3.jar%23167!/:build 5]
	at TRANSFORMER/minecraft@1.21.1/com.mojang.blaze3d.systems.RenderSystem.pollEvents(RenderSystem.java:134) ~[neoforge-21.1.216.jar%23184!/:?]
	at TRANSFORMER/minecraft@1.21.1/com.mojang.blaze3d.systems.RenderSystem.flipFrame(RenderSystem.java:143) ~[neoforge-21.1.216.jar%23184!/:?]
	at TRANSFORMER/minecraft@1.21.1/com.mojang.blaze3d.platform.Window.updateDisplay(Window.java:296) ~[neoforge-21.1.216.jar%23184!/:?]
	at TRANSFORMER/minecraft@1.21.1/net.minecraft.client.Minecraft.runTick(Minecraft.java:1223) ~[neoforge-21.1.216.jar%23184!/:?]
	at TRANSFORMER/minecraft@1.21.1/net.minecraft.client.Minecraft.run(Minecraft.java:813) ~[neoforge-21.1.216.jar%23184!/:?]
	at TRANSFORMER/minecraft@1.21.1/net.minecraft.client.main.Main.main(Main.java:230) ~[neoforge-21.1.216.jar%23184!/:?]
	at java.base/jdk.internal.reflect.DirectMethodHandleAccessor.invoke(DirectMethodHandleAccessor.java:103) ~[?:?]
	at java.base/java.lang.reflect.Method.invoke(Method.java:580) ~[?:?]
	at MC-BOOTSTRAP/fml_loader@4.0.42/net.neoforged.fml.loading.targets.CommonLaunchHandler.runTarget(CommonLaunchHandler.java:136) ~[loader-4.0.42.jar%23140!/:4.0]
	at MC-BOOTSTRAP/fml_loader@4.0.42/net.neoforged.fml.loading.targets.CommonLaunchHandler.clientService(CommonLaunchHandler.java:124) ~[loader-4.0.42.jar%23140!/:4.0]
	at MC-BOOTSTRAP/fml_loader@4.0.42/net.neoforged.fml.loading.targets.NeoForgeClientDevLaunchHandler.runService(NeoForgeClientDevLaunchHandler.java:23) ~[loader-4.0.42.jar%23140!/:4.0]
	at MC-BOOTSTRAP/fml_loader@4.0.42/net.neoforged.fml.loading.targets.CommonLaunchHandler.lambda$launchService$4(CommonLaunchHandler.java:118) ~[loader-4.0.42.jar%23140!/:4.0]
	at MC-BOOTSTRAP/cpw.mods.modlauncher@11.0.5/cpw.mods.modlauncher.LaunchServiceHandlerDecorator.launch(LaunchServiceHandlerDecorator.java:30) [modlauncher-11.0.5.jar%23122!/:?]
	at MC-BOOTSTRAP/cpw.mods.modlauncher@11.0.5/cpw.mods.modlauncher.LaunchServiceHandler.launch(LaunchServiceHandler.java:53) [modlauncher-11.0.5.jar%23122!/:?]
	at MC-BOOTSTRAP/cpw.mods.modlauncher@11.0.5/cpw.mods.modlauncher.LaunchServiceHandler.launch(LaunchServiceHandler.java:71) [modlauncher-11.0.5.jar%23122!/:?]
	at MC-BOOTSTRAP/cpw.mods.modlauncher@11.0.5/cpw.mods.modlauncher.Launcher.run(Launcher.java:103) [modlauncher-11.0.5.jar%23122!/:?]
	at MC-BOOTSTRAP/cpw.mods.modlauncher@11.0.5/cpw.mods.modlauncher.Launcher.main(Launcher.java:74) [modlauncher-11.0.5.jar%23122!/:?]
	at MC-BOOTSTRAP/cpw.mods.modlauncher@11.0.5/cpw.mods.modlauncher.BootstrapLaunchConsumer.accept(BootstrapLaunchConsumer.java:26) [modlauncher-11.0.5.jar%23122!/:?]
	at MC-BOOTSTRAP/cpw.mods.modlauncher@11.0.5/cpw.mods.modlauncher.BootstrapLaunchConsumer.accept(BootstrapLaunchConsumer.java:23) [modlauncher-11.0.5.jar%23122!/:?]
	at cpw.mods.bootstraplauncher@2.0.2/cpw.mods.bootstraplauncher.BootstrapLauncher.run(BootstrapLauncher.java:210) [bootstraplauncher-2.0.2.jar:?]
	at cpw.mods.bootstraplauncher@2.0.2/cpw.mods.bootstraplauncher.BootstrapLauncher.main(BootstrapLauncher.java:69) [bootstraplauncher-2.0.2.jar:?]
	at java.base/jdk.internal.reflect.DirectMethodHandleAccessor.invoke(DirectMethodHandleAccessor.java:103) ~[?:?]
	at java.base/java.lang.reflect.Method.invoke(Method.java:580) ~[?:?]
	at net.neoforged.devlaunch.Main.main(Main.java:57) [DevLaunch-1.0.2.jar:?]
[01Mar2026 13:31:51.714] [Render thread/INFO] [net.minecraft.world.item.crafting.RecipeManager/]: Loaded 2195 recipes
[01Mar2026 13:31:51.842] [Render thread/INFO] [net.minecraft.advancements.AdvancementTree/]: Loaded 2217 advancements
[01Mar2026 13:31:52.251] [Render thread/DEBUG] [mezz.jei.neoforge.startup.StartEventObserver/]: JEI StartEventObserver received class net.neoforged.neoforge.event.TagsUpdatedEvent too early, ignoring
[01Mar2026 13:31:52.269] [Render thread/DEBUG] [net.neoforged.neoforge.common.CommonHooks/WP]: Gathered mod list to write to world save New World
[01Mar2026 13:31:52.289] [Server thread/INFO] [net.minecraft.client.server.IntegratedServer/]: Starting integrated minecraft server version 1.21.1
[01Mar2026 13:31:52.289] [Server thread/INFO] [net.minecraft.server.MinecraftServer/]: Generating keypair
[01Mar2026 13:31:52.336] [Server thread/DEBUG] [net.neoforged.fml.config.ConfigTracker/CONFIG]: Loading configs type SERVER
[01Mar2026 13:31:52.337] [Server thread/DEBUG] [net.neoforged.fml.config.ConfigTracker/CONFIG]: Loaded TOML config file /Users/fengyue.john.zhu/Documents/Farmers Heaters 1.21.1/run/config/jei-server.toml
[01Mar2026 13:31:52.337] [Server thread/DEBUG] [net.neoforged.fml.config.ConfigTracker/CONFIG]: Watching TOML config file /Users/fengyue.john.zhu/Documents/Farmers Heaters 1.21.1/run/config/jei-server.toml for changes
[01Mar2026 13:31:52.338] [Server thread/DEBUG] [net.neoforged.neoforge.common.NeoForgeConfig/FORGEMOD]: Loaded NeoForge config file neoforge-server.toml
[01Mar2026 13:31:52.338] [Server thread/DEBUG] [net.neoforged.fml.config.ConfigTracker/CONFIG]: Loaded TOML config file /Users/fengyue.john.zhu/Documents/Farmers Heaters 1.21.1/run/config/neoforge-server.toml
[01Mar2026 13:31:52.338] [Server thread/DEBUG] [net.neoforged.fml.config.ConfigTracker/CONFIG]: Watching TOML config file /Users/fengyue.john.zhu/Documents/Farmers Heaters 1.21.1/run/config/neoforge-server.toml for changes
[01Mar2026 13:31:53.058] [Server thread/INFO] [net.minecraft.server.MinecraftServer/]: Preparing start region for dimension minecraft:overworld
[01Mar2026 13:31:53.211] [progressListener/INFO] [net.minecraft.server.level.progress.LoggerChunkProgressListener/]: Preparing spawn area: 0%
[01Mar2026 13:31:53.240] [Server thread/DEBUG] [mixin/]: Generating mapped inner class vectorwing/farmersdelight/common/block/entity/CookingPotBlockEntity$Anonymous$f67bdab0804b47c6926339bca8c58bb9 (originally com/minecart/farmers_heaters/mixin/CookingPotBlockEntityMixin$1)
[01Mar2026 13:31:53.282] [Server thread/INFO] [net.neoforged.neoforge.server.permission.PermissionAPI/]: Successfully initialized permission handler neoforge:default_handler
[01Mar2026 13:31:53.287] [progressListener/INFO] [net.minecraft.server.level.progress.LoggerChunkProgressListener/]: Time elapsed: 227 ms
[01Mar2026 13:31:53.341] [Server thread/INFO] [net.minecraft.client.server.IntegratedServer/]: Changing view distance to 12, from 10
[01Mar2026 13:31:53.341] [Server thread/INFO] [net.minecraft.client.server.IntegratedServer/]: Changing simulation distance to 12, from 0
[01Mar2026 13:31:53.366] [Render thread/DEBUG] [io.netty.channel.MultithreadEventLoopGroup/]: -Dio.netty.eventLoopThreads: 20
[01Mar2026 13:31:53.374] [Render thread/DEBUG] [io.netty.util.concurrent.GlobalEventExecutor/]: -Dio.netty.globalEventExecutor.quietPeriodSeconds: 1
[01Mar2026 13:31:53.381] [Render thread/DEBUG] [io.netty.channel.nio.NioEventLoop/]: -Dio.netty.noKeySetOptimization: false
[01Mar2026 13:31:53.381] [Render thread/DEBUG] [io.netty.channel.nio.NioEventLoop/]: -Dio.netty.selectorAutoRebuildThreshold: 512
[01Mar2026 13:31:53.384] [Render thread/DEBUG] [io.netty.util.internal.PlatformDependent/]: org.jctools-core.MpscChunkedArrayQueue: available
[01Mar2026 13:31:53.392] [Render thread/DEBUG] [io.netty.channel.DefaultChannelId/]: -Dio.netty.processId: 23458 (auto-detected)
[01Mar2026 13:31:53.393] [Render thread/DEBUG] [io.netty.util.NetUtil/]: -Djava.net.preferIPv4Stack: false
[01Mar2026 13:31:53.393] [Render thread/DEBUG] [io.netty.util.NetUtil/]: -Djava.net.preferIPv6Addresses: system
[01Mar2026 13:31:53.397] [Render thread/DEBUG] [io.netty.util.NetUtilInitializations/]: Loopback interface: lo0 (lo0, 0:0:0:0:0:0:0:1%lo0)
[01Mar2026 13:31:53.400] [Render thread/DEBUG] [io.netty.util.NetUtil/]: Failed to get SOMAXCONN from sysctl and file /proc/sys/net/core/somaxconn. Default: 128
[01Mar2026 13:31:53.401] [Render thread/DEBUG] [io.netty.channel.DefaultChannelId/]: -Dio.netty.machineId: 1e:1a:b3:ff:fe:8b:28:95 (auto-detected)
[01Mar2026 13:31:53.429] [Render thread/DEBUG] [io.netty.util.Recycler/]: -Dio.netty.recycler.maxCapacityPerThread: 4096
[01Mar2026 13:31:53.429] [Render thread/DEBUG] [io.netty.util.Recycler/]: -Dio.netty.recycler.ratio: 8
[01Mar2026 13:31:53.429] [Render thread/DEBUG] [io.netty.util.Recycler/]: -Dio.netty.recycler.chunkSize: 32
[01Mar2026 13:31:53.429] [Render thread/DEBUG] [io.netty.util.Recycler/]: -Dio.netty.recycler.blocking: false
[01Mar2026 13:31:53.429] [Render thread/DEBUG] [io.netty.util.Recycler/]: -Dio.netty.recycler.batchFastThreadLocalOnly: true
[01Mar2026 13:31:53.481] [Netty Server IO #1/DEBUG] [net.neoforged.neoforge.network.filters.NetworkFilters/]: Injected net.neoforged.neoforge.network.filters.GenericPacketSplitter@1b90e428 into net.minecraft.network.Connection@6ae667ee
[01Mar2026 13:31:53.484] [Netty Local Client IO #0/DEBUG] [net.neoforged.neoforge.network.filters.NetworkFilters/]: Injected net.neoforged.neoforge.network.filters.GenericPacketSplitter@e93a1a6 into net.minecraft.network.Connection@606ca737
[01Mar2026 13:31:53.596] [Render thread/DEBUG] [mezz.jei.neoforge.startup.StartEventObserver/]: JEI StartEventObserver received event: class net.neoforged.neoforge.event.TagsUpdatedEvent
[01Mar2026 13:31:53.646] [Netty Server IO #1/DEBUG] [net.neoforged.neoforge.network.filters.NetworkFilters/]: Injected net.neoforged.neoforge.network.filters.GenericPacketSplitter@8e2925b into net.minecraft.network.Connection@6ae667ee
[01Mar2026 13:31:53.685] [Server thread/INFO] [net.minecraft.server.players.PlayerList/]: Dev[local:E:efe53ade] logged in with entity id 79 at (-9.740747969819031, 72.0, -0.3827083786425601)
[01Mar2026 13:31:53.726] [Server thread/INFO] [net.minecraft.server.MinecraftServer/]: Dev joined the game
[01Mar2026 13:31:53.829] [Render thread/WARN] [net.minecraft.client.ClientRecipeBook/]: Unknown recipe category: central_heater:smoldering/minecraft:recipe_with_briquettes_time_100_tier_2_with_flame_level_1
[01Mar2026 13:31:53.829] [Render thread/WARN] [net.minecraft.client.ClientRecipeBook/]: Unknown recipe category: central_heater:smoldering/minecraft:recipe_with_soap_time_400_tier_2_with_flame_level_1
[01Mar2026 13:31:53.829] [Render thread/WARN] [net.minecraft.client.ClientRecipeBook/]: Unknown recipe category: central_heater:smoldering/minecraft:recipe_with_slime_ball_time_200_tier_1_with_flame_level_1
[01Mar2026 13:31:53.829] [Render thread/WARN] [net.minecraft.client.ClientRecipeBook/]: Unknown recipe category: central_heater:smoldering/minecraft:recipe_with_black_concrete_time_20_tier_0_with_flame_level_0
[01Mar2026 13:31:53.829] [Render thread/WARN] [net.minecraft.client.ClientRecipeBook/]: Unknown recipe category: central_heater:smoldering/minecraft:recipe_with_stone_brick_time_100_tier_2_with_flame_level_1
[01Mar2026 13:31:53.829] [Render thread/WARN] [net.minecraft.client.ClientRecipeBook/]: Unknown recipe category: central_heater:smoldering/minecraft:recipe_with_red_concrete_time_20_tier_0_with_flame_level_0
[01Mar2026 13:31:53.829] [Render thread/WARN] [net.minecraft.client.ClientRecipeBook/]: Unknown recipe category: central_heater:smoldering/minecraft:recipe_with_orange_concrete_time_20_tier_0_with_flame_level_0
[01Mar2026 13:31:53.829] [Render thread/WARN] [net.minecraft.client.ClientRecipeBook/]: Unknown recipe category: central_heater:smoldering/minecraft:recipe_with_cyan_concrete_time_20_tier_0_with_flame_level_0
[01Mar2026 13:31:53.829] [Render thread/WARN] [net.minecraft.client.ClientRecipeBook/]: Unknown recipe category: central_heater:smoldering/minecraft:recipe_with_gray_concrete_time_20_tier_0_with_flame_level_0
[01Mar2026 13:31:53.830] [Render thread/WARN] [net.minecraft.client.ClientRecipeBook/]: Unknown recipe category: central_heater:smoldering/minecraft:recipe_with_water_time_100_tier_1_with_flame_level_1
[01Mar2026 13:31:53.830] [Render thread/WARN] [net.minecraft.client.ClientRecipeBook/]: Unknown recipe category: central_heater:smoldering/minecraft:recipe_with_bone_meal_time_100_tier_1_with_flame_level_1
[01Mar2026 13:31:53.830] [Render thread/WARN] [net.minecraft.client.ClientRecipeBook/]: Unknown recipe category: central_heater:smoldering/minecraft:recipe_with_sturdy_brick_time_200_tier_3_with_flame_level_1
[01Mar2026 13:31:53.830] [Render thread/WARN] [net.minecraft.client.ClientRecipeBook/]: Unknown recipe category: central_heater:smoldering/minecraft:recipe_with_soul_mixture_time_100_tier_2_with_flame_level_1
[01Mar2026 13:31:53.830] [Render thread/WARN] [net.minecraft.client.ClientRecipeBook/]: Unknown recipe category: central_heater:smoldering/minecraft:recipe_with_green_concrete_time_20_tier_0_with_flame_level_0
[01Mar2026 13:31:53.830] [Render thread/WARN] [net.minecraft.client.ClientRecipeBook/]: Unknown recipe category: central_heater:smoldering/minecraft:recipe_with_lime_concrete_time_20_tier_0_with_flame_level_0
[01Mar2026 13:31:53.830] [Render thread/WARN] [net.minecraft.client.ClientRecipeBook/]: Unknown recipe category: central_heater:smoldering/minecraft:recipe_with_clay_bit_time_200_tier_1_with_flame_level_0
[01Mar2026 13:31:53.830] [Render thread/WARN] [net.minecraft.client.ClientRecipeBook/]: Unknown recipe category: central_heater:smoldering/minecraft:recipe_with_yellow_concrete_time_20_tier_0_with_flame_level_0
[01Mar2026 13:31:53.830] [Render thread/WARN] [net.minecraft.client.ClientRecipeBook/]: Unknown recipe category: central_heater:smoldering/minecraft:recipe_with_slime_ball_lava_time_200_tier_3_with_flame_level_2
[01Mar2026 13:31:53.830] [Render thread/WARN] [net.minecraft.client.ClientRecipeBook/]: Unknown recipe category: central_heater:smoldering/minecraft:recipe_with_blue_concrete_time_20_tier_0_with_flame_level_0
[01Mar2026 13:31:53.830] [Render thread/WARN] [net.minecraft.client.ClientRecipeBook/]: Unknown recipe category: central_heater:smoldering/minecraft:recipe_with_light_gray_concrete_time_20_tier_0_with_flame_level_0
[01Mar2026 13:31:53.830] [Render thread/WARN] [net.minecraft.client.ClientRecipeBook/]: Unknown recipe category: central_heater:smoldering/minecraft:recipe_with_gunpowder_gunpowder_time_200_tier_2_with_flame_level_1
[01Mar2026 13:31:53.830] [Render thread/WARN] [net.minecraft.client.ClientRecipeBook/]: Unknown recipe category: central_heater:smoldering/minecraft:recipe_with_scorched_briquettes_time_100_tier_2_with_flame_level_2
[01Mar2026 13:31:53.830] [Render thread/WARN] [net.minecraft.client.ClientRecipeBook/]: Unknown recipe category: central_heater:smoldering/minecraft:recipe_with_light_blue_concrete_time_20_tier_0_with_flame_level_0
[01Mar2026 13:31:53.830] [Render thread/WARN] [net.minecraft.client.ClientRecipeBook/]: Unknown recipe category: central_heater:smoldering/minecraft:recipe_with_magenta_concrete_time_20_tier_0_with_flame_level_0
[01Mar2026 13:31:53.830] [Render thread/WARN] [net.minecraft.client.ClientRecipeBook/]: Unknown recipe category: central_heater:smoldering/minecraft:recipe_with_pink_concrete_time_20_tier_0_with_flame_level_0
[01Mar2026 13:31:53.830] [Render thread/WARN] [net.minecraft.client.ClientRecipeBook/]: Unknown recipe category: central_heater:smoldering/minecraft:recipe_with_brown_concrete_time_20_tier_0_with_flame_level_0
[01Mar2026 13:31:53.830] [Render thread/WARN] [net.minecraft.client.ClientRecipeBook/]: Unknown recipe category: central_heater:smoldering/minecraft:recipe_with_purple_concrete_time_20_tier_0_with_flame_level_0
[01Mar2026 13:31:53.830] [Render thread/WARN] [net.minecraft.client.ClientRecipeBook/]: Unknown recipe category: central_heater:smoldering/minecraft:recipe_with_wheat_dough_time_100_tier_1_with_flame_level_0
[01Mar2026 13:31:53.830] [Render thread/WARN] [net.minecraft.client.ClientRecipeBook/]: Unknown recipe category: central_heater:smoldering/minecraft:recipe_with_coal_time_200_tier_2_with_flame_level_2
[01Mar2026 13:31:53.830] [Render thread/WARN] [net.minecraft.client.ClientRecipeBook/]: Unknown recipe category: central_heater:smoldering/minecraft:recipe_with_deepslate_brick_time_100_tier_2_with_flame_level_1
[01Mar2026 13:31:53.830] [Render thread/WARN] [net.minecraft.client.ClientRecipeBook/]: Unknown recipe category: central_heater:smoldering/minecraft:recipe_with_white_concrete_time_20_tier_0_with_flame_level_0
[01Mar2026 13:31:53.834] [Render thread/DEBUG] [mezz.jei.neoforge.startup.StartEventObserver/]: JEI StartEventObserver received event: class net.neoforged.neoforge.client.event.RecipesUpdatedEvent
[01Mar2026 13:31:53.834] [Render thread/DEBUG] [mezz.jei.neoforge.startup.StartEventObserver/]: JEI StartEventObserver transitioning state from LISTENING to JEI_STARTED
[01Mar2026 13:31:53.834] [Render thread/INFO] [mezz.jei.core.util.LoggedTimer/]: Starting JEI...
[01Mar2026 13:31:53.838] [Render thread/INFO] [mezz.jei.library.load.PluginCaller/]: Registering item subtypes...
[01Mar2026 13:31:53.838] [Render thread/DEBUG] [mezz.jei.library.load.PluginCallerTimerRunnable/]: Registering item subtypes: jei:minecraft...
[01Mar2026 13:31:53.840] [Render thread/DEBUG] [mezz.jei.library.load.PluginCallerTimerRunnable/]: Registering item subtypes: farmersdelight:jei_plugin...
[01Mar2026 13:31:53.840] [Render thread/DEBUG] [mezz.jei.library.load.PluginCallerTimerRunnable/]: Registering item subtypes: mynethersdelight:jei_plugin...
[01Mar2026 13:31:53.840] [Render thread/DEBUG] [mezz.jei.library.load.PluginCallerTimerRunnable/]: Registering item subtypes: central_heater:jei...
[01Mar2026 13:31:53.840] [Render thread/DEBUG] [mezz.jei.library.load.PluginCallerTimerRunnable/]: Registering item subtypes: jei:neoforge_gui...
[01Mar2026 13:31:53.840] [Render thread/DEBUG] [mezz.jei.library.load.PluginCallerTimerRunnable/]: Registering item subtypes: jei:debug...
[01Mar2026 13:31:53.840] [Render thread/DEBUG] [mezz.jei.library.load.PluginCallerTimerRunnable/]: Registering item subtypes: jei:gui...
[01Mar2026 13:31:53.840] [Render thread/DEBUG] [mezz.jei.library.load.PluginCallerTimerRunnable/]: Registering item subtypes: jei:internal...
[01Mar2026 13:31:53.840] [Render thread/INFO] [mezz.jei.library.load.PluginCaller/]: Registering item subtypes took 2.065 milliseconds
[01Mar2026 13:31:53.840] [Render thread/INFO] [mezz.jei.library.load.PluginCaller/]: Registering fluid subtypes...
[01Mar2026 13:31:53.840] [Render thread/DEBUG] [mezz.jei.library.load.PluginCallerTimerRunnable/]: Registering fluid subtypes: jei:minecraft...
[01Mar2026 13:31:53.840] [Render thread/DEBUG] [mezz.jei.library.load.PluginCallerTimerRunnable/]: Registering fluid subtypes: farmersdelight:jei_plugin...
[01Mar2026 13:31:53.840] [Render thread/DEBUG] [mezz.jei.library.load.PluginCallerTimerRunnable/]: Registering fluid subtypes: mynethersdelight:jei_plugin...
[01Mar2026 13:31:53.840] [Render thread/DEBUG] [mezz.jei.library.load.PluginCallerTimerRunnable/]: Registering fluid subtypes: central_heater:jei...
[01Mar2026 13:31:53.840] [Render thread/DEBUG] [mezz.jei.library.load.PluginCallerTimerRunnable/]: Registering fluid subtypes: jei:neoforge_gui...
[01Mar2026 13:31:53.840] [Render thread/DEBUG] [mezz.jei.library.load.PluginCallerTimerRunnable/]: Registering fluid subtypes: jei:debug...
[01Mar2026 13:31:53.841] [Render thread/DEBUG] [mezz.jei.library.load.PluginCallerTimerRunnable/]: Registering fluid subtypes: jei:gui...
[01Mar2026 13:31:53.841] [Render thread/DEBUG] [mezz.jei.library.load.PluginCallerTimerRunnable/]: Registering fluid subtypes: jei:internal...
[01Mar2026 13:31:53.841] [Render thread/INFO] [mezz.jei.library.load.PluginCaller/]: Registering fluid subtypes took 583.6 microseconds
[01Mar2026 13:31:53.841] [Render thread/INFO] [mezz.jei.library.load.PluginCaller/]: Registering ingredients...
[01Mar2026 13:31:53.842] [Render thread/DEBUG] [mezz.jei.library.load.PluginCallerTimerRunnable/]: Registering ingredients: jei:minecraft...
[01Mar2026 13:31:53.853] [Render thread/DEBUG] [mezz.jei.library.plugins.vanilla.ingredients.ItemStackListFactory/]: Added  402/ 402 new items from 'Building Blocks' creative tab's displayItems
[01Mar2026 13:31:53.858] [Render thread/DEBUG] [mezz.jei.library.plugins.vanilla.ingredients.ItemStackListFactory/]: Added  198/ 198 new items from 'Colored Blocks' creative tab's displayItems
[01Mar2026 13:31:53.861] [Render thread/DEBUG] [mezz.jei.library.plugins.vanilla.ingredients.ItemStackListFactory/]: Added  201/ 226 new items from 'Natural Blocks' creative tab's displayItems
[01Mar2026 13:31:53.869] [Render thread/DEBUG] [mezz.jei.library.plugins.vanilla.ingredients.ItemStackListFactory/]: Added  138/ 225 new items from 'Functional Blocks' creative tab's displayItems
[01Mar2026 13:31:53.870] [Render thread/DEBUG] [mezz.jei.library.plugins.vanilla.ingredients.ItemStackListFactory/]: Added   29/  68 new items from 'Redstone Blocks' creative tab's displayItems
[01Mar2026 13:31:53.870] [Render thread/DEBUG] [mezz.jei.library.plugins.vanilla.ingredients.ItemStackListFactory/]: Skipping creative tab: 'Saved Hotbars' because it is type: HOTBAR
[01Mar2026 13:31:53.870] [Render thread/DEBUG] [mezz.jei.library.plugins.vanilla.ingredients.ItemStackListFactory/]: Skipping creative tab: 'Search Items' because it is type: SEARCH
[01Mar2026 13:31:53.873] [Render thread/DEBUG] [mezz.jei.library.plugins.vanilla.ingredients.ItemStackListFactory/]: Added  101/ 113 new items from 'Tools & Utilities' creative tab's displayItems
[01Mar2026 13:31:53.876] [Render thread/DEBUG] [mezz.jei.library.plugins.vanilla.ingredients.ItemStackListFactory/]: Added   92/ 104 new items from 'Combat' creative tab's displayItems
[01Mar2026 13:31:53.881] [Render thread/DEBUG] [mezz.jei.library.plugins.vanilla.ingredients.ItemStackListFactory/]: Added  196/ 199 new items from 'Food & Drinks' creative tab's displayItems
[01Mar2026 13:31:53.887] [Render thread/DEBUG] [mezz.jei.library.plugins.vanilla.ingredients.ItemStackListFactory/]: Added  174/ 188 new items from 'Ingredients' creative tab's displayItems
[01Mar2026 13:31:53.887] [Render thread/DEBUG] [mezz.jei.library.plugins.vanilla.ingredients.ItemStackListFactory/]: Added   85/ 273 new items from 'Ingredients' creative tab's searchTabDisplayItems
[01Mar2026 13:31:53.889] [Render thread/DEBUG] [mezz.jei.library.plugins.vanilla.ingredients.ItemStackListFactory/]: Added   80/  80 new items from 'Spawn Eggs' creative tab's displayItems
[01Mar2026 13:31:53.890] [Render thread/DEBUG] [mezz.jei.library.plugins.vanilla.ingredients.ItemStackListFactory/]: Item Group has no display items and no search tab display items. Items from this group will be missing from the JEI ingredient list. Operator Utilities
[01Mar2026 13:31:53.890] [Render thread/DEBUG] [mezz.jei.library.plugins.vanilla.ingredients.ItemStackListFactory/]: Skipping creative tab: 'Survival Inventory' because it is type: INVENTORY
[01Mar2026 13:31:53.891] [Render thread/DEBUG] [mezz.jei.library.plugins.vanilla.ingredients.ItemStackListFactory/]: Added  178/ 178 new items from 'Farmer's Delight' creative tab's displayItems
[01Mar2026 13:31:53.892] [Render thread/DEBUG] [mezz.jei.library.plugins.vanilla.ingredients.ItemStackListFactory/]: Added  106/ 108 new items from 'My Nether's Delight' creative tab's displayItems
[01Mar2026 13:31:53.894] [Render thread/DEBUG] [mezz.jei.library.plugins.vanilla.ingredients.ItemStackListFactory/]: Added  111/ 111 new items from 'Heaters' creative tab's displayItems
[01Mar2026 13:31:53.905] [Render thread/INFO] [mezz.jei.library.load.PluginCallerTimerRunnable/]: Registering ingredients: jei:minecraft took 63.03 milliseconds
[01Mar2026 13:31:53.905] [Render thread/DEBUG] [mezz.jei.library.load.PluginCallerTimerRunnable/]: Registering ingredients: farmersdelight:jei_plugin...
[01Mar2026 13:31:53.905] [Render thread/DEBUG] [mezz.jei.library.load.PluginCallerTimerRunnable/]: Registering ingredients: mynethersdelight:jei_plugin...
[01Mar2026 13:31:53.905] [Render thread/DEBUG] [mezz.jei.library.load.PluginCallerTimerRunnable/]: Registering ingredients: central_heater:jei...
[01Mar2026 13:31:53.905] [Render thread/DEBUG] [mezz.jei.library.load.PluginCallerTimerRunnable/]: Registering ingredients: jei:neoforge_gui...
[01Mar2026 13:31:53.905] [Render thread/DEBUG] [mezz.jei.library.load.PluginCallerTimerRunnable/]: Registering ingredients: jei:debug...
[01Mar2026 13:31:53.905] [Render thread/DEBUG] [mezz.jei.library.load.PluginCallerTimerRunnable/]: Registering ingredients: jei:gui...
[01Mar2026 13:31:53.905] [Render thread/DEBUG] [mezz.jei.library.load.PluginCallerTimerRunnable/]: Registering ingredients: jei:internal...
[01Mar2026 13:31:53.905] [Render thread/INFO] [mezz.jei.library.load.PluginCaller/]: Registering ingredients took 63.50 milliseconds
[01Mar2026 13:31:53.905] [Render thread/INFO] [mezz.jei.library.load.PluginCaller/]: Registering extra ingredients...
[01Mar2026 13:31:53.905] [Render thread/DEBUG] [mezz.jei.library.load.PluginCallerTimerRunnable/]: Registering extra ingredients: jei:minecraft...
[01Mar2026 13:31:53.905] [Render thread/DEBUG] [mezz.jei.library.load.PluginCallerTimerRunnable/]: Registering extra ingredients: farmersdelight:jei_plugin...
[01Mar2026 13:31:53.905] [Render thread/DEBUG] [mezz.jei.library.load.PluginCallerTimerRunnable/]: Registering extra ingredients: mynethersdelight:jei_plugin...
[01Mar2026 13:31:53.905] [Render thread/DEBUG] [mezz.jei.library.load.PluginCallerTimerRunnable/]: Registering extra ingredients: central_heater:jei...
[01Mar2026 13:31:53.905] [Render thread/DEBUG] [mezz.jei.library.load.PluginCallerTimerRunnable/]: Registering extra ingredients: jei:neoforge_gui...
[01Mar2026 13:31:53.905] [Render thread/DEBUG] [mezz.jei.library.load.PluginCallerTimerRunnable/]: Registering extra ingredients: jei:debug...
[01Mar2026 13:31:53.905] [Render thread/DEBUG] [mezz.jei.library.load.PluginCallerTimerRunnable/]: Registering extra ingredients: jei:gui...
[01Mar2026 13:31:53.905] [Render thread/DEBUG] [mezz.jei.library.load.PluginCallerTimerRunnable/]: Registering extra ingredients: jei:internal...
[01Mar2026 13:31:53.905] [Render thread/INFO] [mezz.jei.library.load.PluginCaller/]: Registering extra ingredients took 276.5 microseconds
[01Mar2026 13:31:53.905] [Render thread/INFO] [mezz.jei.library.load.PluginCaller/]: Registering search ingredient aliases...
[01Mar2026 13:31:53.906] [Render thread/DEBUG] [mezz.jei.library.load.PluginCallerTimerRunnable/]: Registering search ingredient aliases: jei:minecraft...
[01Mar2026 13:31:53.906] [Render thread/DEBUG] [mezz.jei.library.load.PluginCallerTimerRunnable/]: Registering search ingredient aliases: farmersdelight:jei_plugin...
[01Mar2026 13:31:53.906] [Render thread/DEBUG] [mezz.jei.library.load.PluginCallerTimerRunnable/]: Registering search ingredient aliases: mynethersdelight:jei_plugin...
[01Mar2026 13:31:53.906] [Render thread/DEBUG] [mezz.jei.library.load.PluginCallerTimerRunnable/]: Registering search ingredient aliases: central_heater:jei...
[01Mar2026 13:31:53.906] [Render thread/DEBUG] [mezz.jei.library.load.PluginCallerTimerRunnable/]: Registering search ingredient aliases: jei:neoforge_gui...
[01Mar2026 13:31:53.906] [Render thread/DEBUG] [mezz.jei.library.load.PluginCallerTimerRunnable/]: Registering search ingredient aliases: jei:debug...
[01Mar2026 13:31:53.906] [Render thread/DEBUG] [mezz.jei.library.load.PluginCallerTimerRunnable/]: Registering search ingredient aliases: jei:gui...
[01Mar2026 13:31:53.906] [Render thread/DEBUG] [mezz.jei.library.load.PluginCallerTimerRunnable/]: Registering search ingredient aliases: jei:internal...
[01Mar2026 13:31:53.906] [Render thread/INFO] [mezz.jei.library.load.PluginCaller/]: Registering search ingredient aliases took 375.7 microseconds
[01Mar2026 13:31:53.912] [Render thread/INFO] [mezz.jei.library.load.PluginCaller/]: Registering Mod Info...
[01Mar2026 13:31:53.912] [Render thread/DEBUG] [mezz.jei.library.load.PluginCallerTimerRunnable/]: Registering Mod Info: jei:minecraft...
[01Mar2026 13:31:53.912] [Render thread/DEBUG] [mezz.jei.library.load.PluginCallerTimerRunnable/]: Registering Mod Info: farmersdelight:jei_plugin...
[01Mar2026 13:31:53.912] [Render thread/DEBUG] [mezz.jei.library.load.PluginCallerTimerRunnable/]: Registering Mod Info: mynethersdelight:jei_plugin...
[01Mar2026 13:31:53.912] [Render thread/DEBUG] [mezz.jei.library.load.PluginCallerTimerRunnable/]: Registering Mod Info: central_heater:jei...
[01Mar2026 13:31:53.912] [Render thread/DEBUG] [mezz.jei.library.load.PluginCallerTimerRunnable/]: Registering Mod Info: jei:neoforge_gui...
[01Mar2026 13:31:53.912] [Render thread/DEBUG] [mezz.jei.library.load.PluginCallerTimerRunnable/]: Registering Mod Info: jei:debug...
[01Mar2026 13:31:53.912] [Render thread/DEBUG] [mezz.jei.library.load.PluginCallerTimerRunnable/]: Registering Mod Info: jei:gui...
[01Mar2026 13:31:53.912] [Render thread/DEBUG] [mezz.jei.library.load.PluginCallerTimerRunnable/]: Registering Mod Info: jei:internal...
[01Mar2026 13:31:53.912] [Render thread/INFO] [mezz.jei.library.load.PluginCaller/]: Registering Mod Info took 369.2 microseconds
[01Mar2026 13:31:53.923] [Render thread/INFO] [mezz.jei.library.load.PluginCaller/]: Registering categories...
[01Mar2026 13:31:53.923] [Render thread/DEBUG] [mezz.jei.library.load.PluginCallerTimerRunnable/]: Registering categories: jei:minecraft...
[01Mar2026 13:31:53.929] [Render thread/DEBUG] [mezz.jei.library.load.PluginCallerTimerRunnable/]: Registering categories: farmersdelight:jei_plugin...
[01Mar2026 13:31:53.931] [Render thread/DEBUG] [mezz.jei.library.load.PluginCallerTimerRunnable/]: Registering categories: mynethersdelight:jei_plugin...
[01Mar2026 13:31:53.931] [Render thread/DEBUG] [mezz.jei.library.load.PluginCallerTimerRunnable/]: Registering categories: central_heater:jei...
[01Mar2026 13:31:53.934] [Render thread/DEBUG] [mezz.jei.library.load.PluginCallerTimerRunnable/]: Registering categories: jei:neoforge_gui...
[01Mar2026 13:31:53.934] [Render thread/DEBUG] [mezz.jei.library.load.PluginCallerTimerRunnable/]: Registering categories: jei:debug...
[01Mar2026 13:31:53.934] [Render thread/DEBUG] [mezz.jei.library.load.PluginCallerTimerRunnable/]: Registering categories: jei:gui...
[01Mar2026 13:31:53.934] [Render thread/DEBUG] [mezz.jei.library.load.PluginCallerTimerRunnable/]: Registering categories: jei:internal...
[01Mar2026 13:31:53.936] [Render thread/INFO] [mezz.jei.library.load.PluginCaller/]: Registering categories took 12.97 milliseconds
[01Mar2026 13:31:53.937] [Render thread/INFO] [mezz.jei.library.load.PluginCaller/]: Registering vanilla category extensions...
[01Mar2026 13:31:53.937] [Render thread/DEBUG] [mezz.jei.library.load.PluginCallerTimerRunnable/]: Registering vanilla category extensions: jei:minecraft...
[01Mar2026 13:31:53.938] [Render thread/DEBUG] [mezz.jei.library.load.PluginCallerTimerRunnable/]: Registering vanilla category extensions: farmersdelight:jei_plugin...
[01Mar2026 13:31:53.938] [Render thread/DEBUG] [mezz.jei.library.load.PluginCallerTimerRunnable/]: Registering vanilla category extensions: mynethersdelight:jei_plugin...
[01Mar2026 13:31:53.938] [Render thread/DEBUG] [mezz.jei.library.load.PluginCallerTimerRunnable/]: Registering vanilla category extensions: central_heater:jei...
[01Mar2026 13:31:53.938] [Render thread/DEBUG] [mezz.jei.library.load.PluginCallerTimerRunnable/]: Registering vanilla category extensions: jei:neoforge_gui...
[01Mar2026 13:31:53.938] [Render thread/DEBUG] [mezz.jei.library.load.PluginCallerTimerRunnable/]: Registering vanilla category extensions: jei:debug...
[01Mar2026 13:31:53.938] [Render thread/DEBUG] [mezz.jei.library.load.PluginCallerTimerRunnable/]: Registering vanilla category extensions: jei:gui...
[01Mar2026 13:31:53.938] [Render thread/DEBUG] [mezz.jei.library.load.PluginCallerTimerRunnable/]: Registering vanilla category extensions: jei:internal...
[01Mar2026 13:31:53.938] [Render thread/INFO] [mezz.jei.library.load.PluginCaller/]: Registering vanilla category extensions took 1.079 milliseconds
[01Mar2026 13:31:53.938] [Render thread/INFO] [mezz.jei.library.load.PluginCaller/]: Registering recipe catalysts...
[01Mar2026 13:31:53.938] [Render thread/DEBUG] [mezz.jei.library.load.PluginCallerTimerRunnable/]: Registering recipe catalysts: jei:minecraft...
[01Mar2026 13:31:53.939] [Render thread/DEBUG] [mezz.jei.library.load.PluginCallerTimerRunnable/]: Registering recipe catalysts: farmersdelight:jei_plugin...
[01Mar2026 13:31:53.939] [Render thread/DEBUG] [mezz.jei.library.load.PluginCallerTimerRunnable/]: Registering recipe catalysts: mynethersdelight:jei_plugin...
[01Mar2026 13:31:53.939] [Render thread/DEBUG] [mezz.jei.library.load.PluginCallerTimerRunnable/]: Registering recipe catalysts: central_heater:jei...
[01Mar2026 13:31:53.939] [Render thread/DEBUG] [mezz.jei.library.load.PluginCallerTimerRunnable/]: Registering recipe catalysts: jei:neoforge_gui...
[01Mar2026 13:31:53.939] [Render thread/DEBUG] [mezz.jei.library.load.PluginCallerTimerRunnable/]: Registering recipe catalysts: jei:debug...
[01Mar2026 13:31:53.939] [Render thread/DEBUG] [mezz.jei.library.load.PluginCallerTimerRunnable/]: Registering recipe catalysts: jei:gui...
[01Mar2026 13:31:53.939] [Render thread/DEBUG] [mezz.jei.library.load.PluginCallerTimerRunnable/]: Registering recipe catalysts: jei:internal...
[01Mar2026 13:31:53.939] [Render thread/INFO] [mezz.jei.library.load.PluginCaller/]: Registering recipe catalysts took 776.3 microseconds
[01Mar2026 13:31:53.939] [Render thread/INFO] [mezz.jei.core.util.LoggedTimer/]: Building recipe registry...
[01Mar2026 13:31:53.945] [Render thread/INFO] [mezz.jei.core.util.LoggedTimer/]: Building recipe registry took 5.740 milliseconds
[01Mar2026 13:31:53.946] [Render thread/INFO] [mezz.jei.library.load.PluginCaller/]: Registering advanced plugins...
[01Mar2026 13:31:53.946] [Render thread/DEBUG] [mezz.jei.library.load.PluginCallerTimerRunnable/]: Registering advanced plugins: jei:minecraft...
[01Mar2026 13:31:53.946] [Render thread/DEBUG] [mezz.jei.library.load.PluginCallerTimerRunnable/]: Registering advanced plugins: farmersdelight:jei_plugin...
[01Mar2026 13:31:53.946] [Render thread/DEBUG] [mezz.jei.library.load.PluginCallerTimerRunnable/]: Registering advanced plugins: mynethersdelight:jei_plugin...
[01Mar2026 13:31:53.946] [Render thread/DEBUG] [mezz.jei.library.load.PluginCallerTimerRunnable/]: Registering advanced plugins: central_heater:jei...
[01Mar2026 13:31:53.946] [Render thread/DEBUG] [mezz.jei.library.load.PluginCallerTimerRunnable/]: Registering advanced plugins: jei:neoforge_gui...
[01Mar2026 13:31:53.946] [Render thread/DEBUG] [mezz.jei.library.load.PluginCallerTimerRunnable/]: Registering advanced plugins: jei:debug...
[01Mar2026 13:31:53.946] [Render thread/DEBUG] [mezz.jei.library.load.PluginCallerTimerRunnable/]: Registering advanced plugins: jei:gui...
[01Mar2026 13:31:53.946] [Render thread/DEBUG] [mezz.jei.library.load.PluginCallerTimerRunnable/]: Registering advanced plugins: jei:internal...
[01Mar2026 13:31:53.946] [Render thread/INFO] [mezz.jei.library.load.PluginCaller/]: Registering advanced plugins took 361.5 microseconds
[01Mar2026 13:31:53.946] [Render thread/INFO] [mezz.jei.library.load.PluginCaller/]: Registering recipes...
[01Mar2026 13:31:53.947] [Render thread/DEBUG] [mezz.jei.library.load.PluginCallerTimerRunnable/]: Registering recipes: jei:minecraft...
[01Mar2026 13:31:53.957] [Render thread/DEBUG] [mezz.jei.library.recipes.RecipeManagerInternal/]: Adding recipes: RecipeType[uid=minecraft:crafting, recipeClass=class net.minecraft.world.item.crafting.RecipeHolder]
[01Mar2026 13:31:53.974] [Render thread/DEBUG] [mezz.jei.library.recipes.RecipeManagerInternal/]: Adding recipes: RecipeType[uid=minecraft:crafting, recipeClass=class net.minecraft.world.item.crafting.RecipeHolder]
[01Mar2026 13:31:53.976] [Render thread/DEBUG] [mezz.jei.library.recipes.RecipeManagerInternal/]: Adding recipes: RecipeType[uid=minecraft:stonecutting, recipeClass=class net.minecraft.world.item.crafting.RecipeHolder]
[01Mar2026 13:31:53.977] [Render thread/DEBUG] [mezz.jei.library.recipes.RecipeManagerInternal/]: Adding recipes: RecipeType[uid=minecraft:smelting, recipeClass=class net.minecraft.world.item.crafting.RecipeHolder]
[01Mar2026 13:31:53.978] [Render thread/DEBUG] [mezz.jei.library.recipes.RecipeManagerInternal/]: Adding recipes: RecipeType[uid=minecraft:smoking, recipeClass=class net.minecraft.world.item.crafting.RecipeHolder]
[01Mar2026 13:31:53.978] [Render thread/DEBUG] [mezz.jei.library.recipes.RecipeManagerInternal/]: Adding recipes: RecipeType[uid=minecraft:blasting, recipeClass=class net.minecraft.world.item.crafting.RecipeHolder]
[01Mar2026 13:31:53.978] [Render thread/DEBUG] [mezz.jei.library.recipes.RecipeManagerInternal/]: Adding recipes: RecipeType[uid=minecraft:campfire_cooking, recipeClass=class net.minecraft.world.item.crafting.RecipeHolder]
[01Mar2026 13:31:53.986] [Render thread/DEBUG] [mezz.jei.library.recipes.RecipeManagerInternal/]: Adding recipes: RecipeType[uid=minecraft:fuel, recipeClass=interface mezz.jei.api.recipe.vanilla.IJeiFuelingRecipe]
[01Mar2026 13:31:53.995] [Render thread/DEBUG] [mezz.jei.library.recipes.RecipeManagerInternal/]: Adding recipes: RecipeType[uid=minecraft:anvil, recipeClass=interface mezz.jei.api.recipe.vanilla.IJeiAnvilRecipe]
[01Mar2026 13:31:54.004] [Render thread/DEBUG] [mezz.jei.library.recipes.RecipeManagerInternal/]: Adding recipes: RecipeType[uid=minecraft:smithing, recipeClass=class net.minecraft.world.item.crafting.RecipeHolder]
[01Mar2026 13:31:54.012] [Render thread/DEBUG] [mezz.jei.library.recipes.RecipeManagerInternal/]: Adding recipes: RecipeType[uid=minecraft:compostable, recipeClass=interface mezz.jei.api.recipe.vanilla.IJeiCompostingRecipe]
[01Mar2026 13:31:54.036] [Render thread/DEBUG] [mezz.jei.library.recipes.RecipeManagerInternal/]: Adding recipes: RecipeType[uid=minecraft:brewing, recipeClass=interface mezz.jei.api.recipe.vanilla.IJeiBrewingRecipe]
[01Mar2026 13:31:54.051] [Render thread/DEBUG] [mezz.jei.library.recipes.RecipeManagerInternal/]: Adding recipes: RecipeType[uid=minecraft:grindstone, recipeClass=interface mezz.jei.api.recipe.vanilla.IJeiGrindstoneRecipe]
[01Mar2026 13:31:54.056] [Render thread/INFO] [mezz.jei.library.load.PluginCallerTimerRunnable/]: Registering recipes: jei:minecraft took 109.2 milliseconds
[01Mar2026 13:31:54.056] [Render thread/DEBUG] [mezz.jei.library.load.PluginCallerTimerRunnable/]: Registering recipes: farmersdelight:jei_plugin...
[01Mar2026 13:31:54.056] [Render thread/DEBUG] [mezz.jei.library.recipes.RecipeManagerInternal/]: Adding recipes: RecipeType[uid=farmersdelight:cooking, recipeClass=class net.minecraft.world.item.crafting.RecipeHolder]
[01Mar2026 13:31:54.057] [Render thread/DEBUG] [mezz.jei.library.recipes.RecipeManagerInternal/]: Adding recipes: RecipeType[uid=farmersdelight:cutting, recipeClass=class net.minecraft.world.item.crafting.RecipeHolder]
[01Mar2026 13:31:54.074] [Render thread/DEBUG] [mezz.jei.library.recipes.RecipeManagerInternal/]: Adding recipes: RecipeType[uid=farmersdelight:decomposition, recipeClass=class vectorwing.farmersdelight.integration.jei.resource.DecompositionDummy]
[01Mar2026 13:31:54.074] [Render thread/DEBUG] [mezz.jei.library.recipes.RecipeManagerInternal/]: Adding recipes: RecipeType[uid=minecraft:crafting, recipeClass=class net.minecraft.world.item.crafting.RecipeHolder]
[01Mar2026 13:31:54.075] [Render thread/DEBUG] [mezz.jei.library.recipes.RecipeManagerInternal/]: Adding recipes: RecipeType[uid=jei:information, recipeClass=interface mezz.jei.api.recipe.vanilla.IJeiIngredientInfoRecipe]
[01Mar2026 13:31:54.075] [Render thread/DEBUG] [mezz.jei.library.recipes.RecipeManagerInternal/]: Adding recipes: RecipeType[uid=jei:information, recipeClass=interface mezz.jei.api.recipe.vanilla.IJeiIngredientInfoRecipe]
[01Mar2026 13:31:54.075] [Render thread/DEBUG] [mezz.jei.library.recipes.RecipeManagerInternal/]: Adding recipes: RecipeType[uid=jei:information, recipeClass=interface mezz.jei.api.recipe.vanilla.IJeiIngredientInfoRecipe]
[01Mar2026 13:31:54.075] [Render thread/DEBUG] [mezz.jei.library.recipes.RecipeManagerInternal/]: Adding recipes: RecipeType[uid=jei:information, recipeClass=interface mezz.jei.api.recipe.vanilla.IJeiIngredientInfoRecipe]
[01Mar2026 13:31:54.075] [Render thread/DEBUG] [mezz.jei.library.recipes.RecipeManagerInternal/]: Adding recipes: RecipeType[uid=jei:information, recipeClass=interface mezz.jei.api.recipe.vanilla.IJeiIngredientInfoRecipe]
[01Mar2026 13:31:54.075] [Render thread/DEBUG] [mezz.jei.library.recipes.RecipeManagerInternal/]: Adding recipes: RecipeType[uid=jei:information, recipeClass=interface mezz.jei.api.recipe.vanilla.IJeiIngredientInfoRecipe]
[01Mar2026 13:31:54.075] [Render thread/DEBUG] [mezz.jei.library.recipes.RecipeManagerInternal/]: Adding recipes: RecipeType[uid=jei:information, recipeClass=interface mezz.jei.api.recipe.vanilla.IJeiIngredientInfoRecipe]
[01Mar2026 13:31:54.075] [Render thread/DEBUG] [mezz.jei.library.recipes.RecipeManagerInternal/]: Adding recipes: RecipeType[uid=jei:information, recipeClass=interface mezz.jei.api.recipe.vanilla.IJeiIngredientInfoRecipe]
[01Mar2026 13:31:54.075] [Render thread/DEBUG] [mezz.jei.library.recipes.RecipeManagerInternal/]: Adding recipes: RecipeType[uid=jei:information, recipeClass=interface mezz.jei.api.recipe.vanilla.IJeiIngredientInfoRecipe]
[01Mar2026 13:31:54.075] [Render thread/DEBUG] [mezz.jei.library.recipes.RecipeManagerInternal/]: Adding recipes: RecipeType[uid=jei:information, recipeClass=interface mezz.jei.api.recipe.vanilla.IJeiIngredientInfoRecipe]
[01Mar2026 13:31:54.075] [Render thread/DEBUG] [mezz.jei.library.recipes.RecipeManagerInternal/]: Adding recipes: RecipeType[uid=jei:information, recipeClass=interface mezz.jei.api.recipe.vanilla.IJeiIngredientInfoRecipe]
[01Mar2026 13:31:54.075] [Render thread/DEBUG] [mezz.jei.library.recipes.RecipeManagerInternal/]: Adding recipes: RecipeType[uid=jei:information, recipeClass=interface mezz.jei.api.recipe.vanilla.IJeiIngredientInfoRecipe]
[01Mar2026 13:31:54.076] [Render thread/DEBUG] [mezz.jei.library.recipes.RecipeManagerInternal/]: Adding recipes: RecipeType[uid=jei:information, recipeClass=interface mezz.jei.api.recipe.vanilla.IJeiIngredientInfoRecipe]
[01Mar2026 13:31:54.076] [Render thread/DEBUG] [mezz.jei.library.recipes.RecipeManagerInternal/]: Adding recipes: RecipeType[uid=jei:information, recipeClass=interface mezz.jei.api.recipe.vanilla.IJeiIngredientInfoRecipe]
[01Mar2026 13:31:54.076] [Render thread/DEBUG] [mezz.jei.library.recipes.RecipeManagerInternal/]: Adding recipes: RecipeType[uid=jei:information, recipeClass=interface mezz.jei.api.recipe.vanilla.IJeiIngredientInfoRecipe]
[01Mar2026 13:31:54.076] [Render thread/DEBUG] [mezz.jei.library.recipes.RecipeManagerInternal/]: Adding recipes: RecipeType[uid=jei:information, recipeClass=interface mezz.jei.api.recipe.vanilla.IJeiIngredientInfoRecipe]
[01Mar2026 13:31:54.076] [Render thread/INFO] [mezz.jei.library.load.PluginCallerTimerRunnable/]: Registering recipes: farmersdelight:jei_plugin took 19.75 milliseconds
[01Mar2026 13:31:54.076] [Render thread/DEBUG] [mezz.jei.library.load.PluginCallerTimerRunnable/]: Registering recipes: mynethersdelight:jei_plugin...
[01Mar2026 13:31:54.076] [Render thread/DEBUG] [mezz.jei.library.recipes.RecipeManagerInternal/]: Adding recipes: RecipeType[uid=mynethersdelight:forgoting, recipeClass=class com.soytutta.mynethersdelight.integration.jei.resource.ForgotingDummy]
[01Mar2026 13:31:54.077] [Render thread/DEBUG] [mezz.jei.library.recipes.RecipeManagerInternal/]: Adding recipes: RecipeType[uid=jei:information, recipeClass=interface mezz.jei.api.recipe.vanilla.IJeiIngredientInfoRecipe]
[01Mar2026 13:31:54.077] [Render thread/DEBUG] [mezz.jei.library.recipes.RecipeManagerInternal/]: Adding recipes: RecipeType[uid=jei:information, recipeClass=interface mezz.jei.api.recipe.vanilla.IJeiIngredientInfoRecipe]
[01Mar2026 13:31:54.077] [Render thread/DEBUG] [mezz.jei.library.recipes.RecipeManagerInternal/]: Adding recipes: RecipeType[uid=jei:information, recipeClass=interface mezz.jei.api.recipe.vanilla.IJeiIngredientInfoRecipe]
[01Mar2026 13:31:54.077] [Render thread/DEBUG] [mezz.jei.library.recipes.RecipeManagerInternal/]: Adding recipes: RecipeType[uid=jei:information, recipeClass=interface mezz.jei.api.recipe.vanilla.IJeiIngredientInfoRecipe]
[01Mar2026 13:31:54.077] [Render thread/DEBUG] [mezz.jei.library.recipes.RecipeManagerInternal/]: Adding recipes: RecipeType[uid=jei:information, recipeClass=interface mezz.jei.api.recipe.vanilla.IJeiIngredientInfoRecipe]
[01Mar2026 13:31:54.077] [Render thread/DEBUG] [mezz.jei.library.load.PluginCallerTimerRunnable/]: Registering recipes: central_heater:jei...
[01Mar2026 13:31:54.077] [Render thread/DEBUG] [mezz.jei.library.recipes.RecipeManagerInternal/]: Adding recipes: RecipeType[uid=central_heater:haunting, recipeClass=class net.minecraft.world.item.crafting.RecipeHolder]
[01Mar2026 13:31:54.077] [Render thread/DEBUG] [mezz.jei.library.recipes.RecipeManagerInternal/]: Adding recipes: RecipeType[uid=central_heater:smoldering, recipeClass=class net.minecraft.world.item.crafting.RecipeHolder]
[01Mar2026 13:31:54.079] [Render thread/DEBUG] [mezz.jei.library.recipes.RecipeManagerInternal/]: Recipe not added because the recipe category cannot handle it: Minecraft minecraft:cauldron_potion_brewing class net.minecraft.world.item.crafting.RecipeHolder {
  Outputs:
  Inputs:
  Catalysts:
}
[01Mar2026 13:31:54.080] [Render thread/DEBUG] [mezz.jei.library.recipes.RecipeManagerInternal/]: Adding recipes: RecipeType[uid=central_heater:smoldering, recipeClass=class net.minecraft.world.item.crafting.RecipeHolder]
[01Mar2026 13:31:54.081] [Render thread/DEBUG] [mezz.jei.library.recipes.RecipeManagerInternal/]: Adding recipes: RecipeType[uid=central_heater:block_smoldering, recipeClass=class net.minecraft.world.item.crafting.RecipeHolder]
[01Mar2026 13:31:54.082] [Render thread/DEBUG] [mezz.jei.library.recipes.RecipeManagerInternal/]: Adding recipes: RecipeType[uid=central_heater:block_cleaning, recipeClass=class net.minecraft.world.item.crafting.RecipeHolder]
[01Mar2026 13:31:54.084] [Render thread/DEBUG] [mezz.jei.library.recipes.RecipeManagerInternal/]: Adding recipes: RecipeType[uid=central_heater:nether_fueling, recipeClass=interface mezz.jei.api.recipe.vanilla.IJeiFuelingRecipe]
[01Mar2026 13:31:54.085] [Render thread/DEBUG] [mezz.jei.library.recipes.RecipeManagerInternal/]: Adding recipes: RecipeType[uid=central_heater:fire_ash_drop_chance, recipeClass=class com.minecart.central_heater.jei_compat.misc.AshDropChanceRecipe]
[01Mar2026 13:31:54.087] [Render thread/DEBUG] [mezz.jei.library.recipes.RecipeManagerInternal/]: Adding recipes: RecipeType[uid=central_heater:scorched_dust_drop_chance, recipeClass=class com.minecart.central_heater.jei_compat.misc.AshDropChanceRecipe]
[01Mar2026 13:31:54.087] [Render thread/DEBUG] [mezz.jei.library.recipes.RecipeManagerInternal/]: Adding recipes: RecipeType[uid=minecraft:anvil, recipeClass=interface mezz.jei.api.recipe.vanilla.IJeiAnvilRecipe]
[01Mar2026 13:31:54.088] [Render thread/DEBUG] [mezz.jei.library.recipes.RecipeManagerInternal/]: Adding recipes: RecipeType[uid=jei:information, recipeClass=interface mezz.jei.api.recipe.vanilla.IJeiIngredientInfoRecipe]
[01Mar2026 13:31:54.088] [Render thread/DEBUG] [mezz.jei.library.recipes.RecipeManagerInternal/]: Adding recipes: RecipeType[uid=jei:information, recipeClass=interface mezz.jei.api.recipe.vanilla.IJeiIngredientInfoRecipe]
[01Mar2026 13:31:54.088] [Render thread/DEBUG] [mezz.jei.library.recipes.RecipeManagerInternal/]: Adding recipes: RecipeType[uid=jei:information, recipeClass=interface mezz.jei.api.recipe.vanilla.IJeiIngredientInfoRecipe]
[01Mar2026 13:31:54.088] [Render thread/DEBUG] [mezz.jei.library.recipes.RecipeManagerInternal/]: Adding recipes: RecipeType[uid=jei:information, recipeClass=interface mezz.jei.api.recipe.vanilla.IJeiIngredientInfoRecipe]
[01Mar2026 13:31:54.088] [Render thread/DEBUG] [mezz.jei.library.recipes.RecipeManagerInternal/]: Adding recipes: RecipeType[uid=jei:information, recipeClass=interface mezz.jei.api.recipe.vanilla.IJeiIngredientInfoRecipe]
[01Mar2026 13:31:54.088] [Render thread/DEBUG] [mezz.jei.library.recipes.RecipeManagerInternal/]: Adding recipes: RecipeType[uid=jei:information, recipeClass=interface mezz.jei.api.recipe.vanilla.IJeiIngredientInfoRecipe]
[01Mar2026 13:31:54.088] [Render thread/DEBUG] [mezz.jei.library.recipes.RecipeManagerInternal/]: Adding recipes: RecipeType[uid=jei:information, recipeClass=interface mezz.jei.api.recipe.vanilla.IJeiIngredientInfoRecipe]
[01Mar2026 13:31:54.088] [Render thread/INFO] [mezz.jei.library.load.PluginCallerTimerRunnable/]: Registering recipes: central_heater:jei took 11.12 milliseconds
[01Mar2026 13:31:54.088] [Render thread/DEBUG] [mezz.jei.library.load.PluginCallerTimerRunnable/]: Registering recipes: jei:neoforge_gui...
[01Mar2026 13:31:54.088] [Render thread/DEBUG] [mezz.jei.library.load.PluginCallerTimerRunnable/]: Registering recipes: jei:debug...
[01Mar2026 13:31:54.088] [Render thread/DEBUG] [mezz.jei.library.load.PluginCallerTimerRunnable/]: Registering recipes: jei:gui...
[01Mar2026 13:31:54.088] [Render thread/DEBUG] [mezz.jei.library.load.PluginCallerTimerRunnable/]: Registering recipes: jei:internal...
[01Mar2026 13:31:54.089] [Render thread/DEBUG] [mezz.jei.library.plugins.jei.tags.TagInfoRecipeMaker/]: No valid ingredients found for minecraft:item tag: Wrenches (c:tools/wrench)
[01Mar2026 13:31:54.090] [Render thread/DEBUG] [mezz.jei.library.plugins.jei.tags.TagInfoRecipeMaker/]: No valid ingredients found for minecraft:item tag: Juice (c:drinks/juice)
[01Mar2026 13:31:54.090] [Render thread/DEBUG] [mezz.jei.library.plugins.jei.tags.TagInfoRecipeMaker/]: No valid ingredients found for minecraft:item tag: Candies (c:foods/candy)
[01Mar2026 13:31:54.090] [Render thread/DEBUG] [mezz.jei.library.plugins.jei.tags.TagInfoRecipeMaker/]: No valid ingredients found for minecraft:item tag: Water (c:drinks/water)
[01Mar2026 13:31:54.090] [Render thread/DEBUG] [mezz.jei.library.plugins.jei.tags.TagInfoRecipeMaker/]: No valid ingredients found for minecraft:item tag: Ropes (c:ropes)
[01Mar2026 13:31:54.090] [Render thread/DEBUG] [mezz.jei.library.recipes.RecipeManagerInternal/]: Adding recipes: RecipeType[uid=minecraft:tag_recipes/item, recipeClass=interface mezz.jei.library.plugins.jei.tags.ITagInfoRecipe]
[01Mar2026 13:31:54.100] [Render thread/DEBUG] [mezz.jei.library.plugins.jei.tags.TagInfoRecipeMaker/]: No valid ingredients found for minecraft:block tag: #farmersdelight:drops_cake_slice (farmersdelight:drops_cake_slice)
[01Mar2026 13:31:54.101] [Render thread/DEBUG] [mezz.jei.library.plugins.jei.tags.TagInfoRecipeMaker/]: No valid ingredients found for minecraft:block tag: Enderman Place On Blacklist (neoforge:enderman_place_on_blacklist)
[01Mar2026 13:31:54.101] [Render thread/DEBUG] [mezz.jei.library.plugins.jei.tags.TagInfoRecipeMaker/]: No valid ingredients found for minecraft:block tag: Ropes (c:ropes)
[01Mar2026 13:31:54.101] [Render thread/DEBUG] [mezz.jei.library.plugins.jei.tags.TagInfoRecipeMaker/]: No valid ingredients found for minecraft:block tag: #minecraft:air (minecraft:air)
[01Mar2026 13:31:54.101] [Render thread/DEBUG] [mezz.jei.library.plugins.jei.tags.TagInfoRecipeMaker/]: No valid ingredients found for minecraft:block tag: #minecraft:candle_cakes (minecraft:candle_cakes)
[01Mar2026 13:31:54.101] [Render thread/DEBUG] [mezz.jei.library.plugins.jei.tags.TagInfoRecipeMaker/]: No valid ingredients found for minecraft:block tag: #minecraft:incorrect_for_netherite_tool (minecraft:incorrect_for_netherite_tool)
[01Mar2026 13:31:54.102] [Render thread/DEBUG] [mezz.jei.library.plugins.jei.tags.TagInfoRecipeMaker/]: No valid ingredients found for minecraft:block tag: Relocation Not Supported (c:relocation_not_supported)
[01Mar2026 13:31:54.102] [Render thread/DEBUG] [mezz.jei.library.plugins.jei.tags.TagInfoRecipeMaker/]: No valid ingredients found for minecraft:block tag: #minecraft:fire (minecraft:fire)
[01Mar2026 13:31:54.102] [Render thread/DEBUG] [mezz.jei.library.plugins.jei.tags.TagInfoRecipeMaker/]: No valid ingredients found for minecraft:block tag: #c:mineable/knife (c:mineable/knife)
[01Mar2026 13:31:54.102] [Render thread/DEBUG] [mezz.jei.library.plugins.jei.tags.TagInfoRecipeMaker/]: No valid ingredients found for minecraft:block tag: #minecraft:portals (minecraft:portals)
[01Mar2026 13:31:54.102] [Render thread/DEBUG] [mezz.jei.library.plugins.jei.tags.TagInfoRecipeMaker/]: No valid ingredients found for minecraft:block tag: Needs Netherite Tools (neoforge:needs_netherite_tool)
[01Mar2026 13:31:54.102] [Render thread/DEBUG] [mezz.jei.library.plugins.jei.tags.TagInfoRecipeMaker/]: No valid ingredients found for minecraft:block tag: #minecraft:strider_warm_blocks (minecraft:strider_warm_blocks)
[01Mar2026 13:31:54.102] [Render thread/DEBUG] [mezz.jei.library.plugins.jei.tags.TagInfoRecipeMaker/]: No valid ingredients found for minecraft:block tag: #minecraft:invalid_spawn_inside (minecraft:invalid_spawn_inside)
[01Mar2026 13:31:54.102] [Render thread/DEBUG] [mezz.jei.library.plugins.jei.tags.TagInfoRecipeMaker/]: No valid ingredients found for minecraft:block tag: #minecraft:incorrect_for_diamond_tool (minecraft:incorrect_for_diamond_tool)
[01Mar2026 13:31:54.103] [Render thread/DEBUG] [mezz.jei.library.recipes.RecipeManagerInternal/]: Adding recipes: RecipeType[uid=minecraft:tag_recipes/block, recipeClass=interface mezz.jei.library.plugins.jei.tags.ITagInfoRecipe]
[01Mar2026 13:31:54.115] [Render thread/DEBUG] [mezz.jei.library.plugins.jei.tags.TagInfoRecipeMaker/]: No valid ingredients found for minecraft:fluid tag: Potion (c:potion)
[01Mar2026 13:31:54.115] [Render thread/DEBUG] [mezz.jei.library.plugins.jei.tags.TagInfoRecipeMaker/]: No valid ingredients found for minecraft:fluid tag: Mushroom Stew (c:mushroom_stew)
[01Mar2026 13:31:54.115] [Render thread/DEBUG] [mezz.jei.library.plugins.jei.tags.TagInfoRecipeMaker/]: No valid ingredients found for minecraft:fluid tag: Experience (c:experience)
[01Mar2026 13:31:54.115] [Render thread/DEBUG] [mezz.jei.library.plugins.jei.tags.TagInfoRecipeMaker/]: No valid ingredients found for minecraft:fluid tag: Gaseous (c:gaseous)
[01Mar2026 13:31:54.115] [Render thread/DEBUG] [mezz.jei.library.plugins.jei.tags.TagInfoRecipeMaker/]: No valid ingredients found for minecraft:fluid tag: Milk (c:milk)
[01Mar2026 13:31:54.115] [Render thread/DEBUG] [mezz.jei.library.plugins.jei.tags.TagInfoRecipeMaker/]: No valid ingredients found for minecraft:fluid tag: Beetroot Soup (c:beetroot_soup)
[01Mar2026 13:31:54.115] [Render thread/DEBUG] [mezz.jei.library.plugins.jei.tags.TagInfoRecipeMaker/]: No valid ingredients found for minecraft:fluid tag: Honey (c:honey)
[01Mar2026 13:31:54.115] [Render thread/DEBUG] [mezz.jei.library.plugins.jei.tags.TagInfoRecipeMaker/]: No valid ingredients found for minecraft:fluid tag: Suspicious Stew (c:suspicious_stew)
[01Mar2026 13:31:54.115] [Render thread/DEBUG] [mezz.jei.library.plugins.jei.tags.TagInfoRecipeMaker/]: No valid ingredients found for minecraft:fluid tag: Rabbit Stew (c:rabbit_stew)
[01Mar2026 13:31:54.115] [Render thread/DEBUG] [mezz.jei.library.recipes.RecipeManagerInternal/]: Adding recipes: RecipeType[uid=minecraft:tag_recipes/fluid, recipeClass=interface mezz.jei.library.plugins.jei.tags.ITagInfoRecipe]
[01Mar2026 13:31:54.115] [Render thread/INFO] [mezz.jei.library.load.PluginCallerTimerRunnable/]: Registering recipes: jei:internal took 27.36 milliseconds
[01Mar2026 13:31:54.116] [Render thread/INFO] [mezz.jei.library.load.PluginCaller/]: Registering recipes took 169.0 milliseconds
[01Mar2026 13:31:54.119] [Render thread/INFO] [mezz.jei.library.load.PluginCaller/]: Registering recipes transfer handlers...
[01Mar2026 13:31:54.119] [Render thread/DEBUG] [mezz.jei.library.load.PluginCallerTimerRunnable/]: Registering recipes transfer handlers: jei:minecraft...
[01Mar2026 13:31:54.120] [Render thread/DEBUG] [mezz.jei.library.load.PluginCallerTimerRunnable/]: Registering recipes transfer handlers: farmersdelight:jei_plugin...
[01Mar2026 13:31:54.120] [Render thread/DEBUG] [mezz.jei.library.load.PluginCallerTimerRunnable/]: Registering recipes transfer handlers: mynethersdelight:jei_plugin...
[01Mar2026 13:31:54.120] [Render thread/DEBUG] [mezz.jei.library.load.PluginCallerTimerRunnable/]: Registering recipes transfer handlers: central_heater:jei...
[01Mar2026 13:31:54.120] [Render thread/DEBUG] [mezz.jei.library.load.PluginCallerTimerRunnable/]: Registering recipes transfer handlers: jei:neoforge_gui...
[01Mar2026 13:31:54.120] [Render thread/DEBUG] [mezz.jei.library.load.PluginCallerTimerRunnable/]: Registering recipes transfer handlers: jei:debug...
[01Mar2026 13:31:54.120] [Render thread/DEBUG] [mezz.jei.library.load.PluginCallerTimerRunnable/]: Registering recipes transfer handlers: jei:gui...
[01Mar2026 13:31:54.120] [Render thread/DEBUG] [mezz.jei.library.load.PluginCallerTimerRunnable/]: Registering recipes transfer handlers: jei:internal...
[01Mar2026 13:31:54.121] [Render thread/INFO] [mezz.jei.library.load.PluginCaller/]: Registering recipes transfer handlers took 1.485 milliseconds
[01Mar2026 13:31:54.126] [Render thread/INFO] [mezz.jei.core.util.LoggedTimer/]: Building runtime...
[01Mar2026 13:31:54.128] [Render thread/INFO] [mezz.jei.library.load.PluginCaller/]: Registering gui handlers...
[01Mar2026 13:31:54.128] [Render thread/DEBUG] [mezz.jei.library.load.PluginCallerTimerRunnable/]: Registering gui handlers: jei:minecraft...
[01Mar2026 13:31:54.129] [Render thread/DEBUG] [mezz.jei.library.load.PluginCallerTimerRunnable/]: Registering gui handlers: farmersdelight:jei_plugin...
[01Mar2026 13:31:54.129] [Render thread/DEBUG] [mezz.jei.library.load.PluginCallerTimerRunnable/]: Registering gui handlers: mynethersdelight:jei_plugin...
[01Mar2026 13:31:54.129] [Render thread/DEBUG] [mezz.jei.library.load.PluginCallerTimerRunnable/]: Registering gui handlers: central_heater:jei...
[01Mar2026 13:31:54.129] [Render thread/DEBUG] [mezz.jei.library.load.PluginCallerTimerRunnable/]: Registering gui handlers: jei:neoforge_gui...
[01Mar2026 13:31:54.129] [Render thread/DEBUG] [mezz.jei.library.load.PluginCallerTimerRunnable/]: Registering gui handlers: jei:debug...
[01Mar2026 13:31:54.129] [Render thread/DEBUG] [mezz.jei.library.load.PluginCallerTimerRunnable/]: Registering gui handlers: jei:gui...
[01Mar2026 13:31:54.131] [Render thread/DEBUG] [mezz.jei.library.load.PluginCallerTimerRunnable/]: Registering gui handlers: jei:internal...
[01Mar2026 13:31:54.131] [Render thread/INFO] [mezz.jei.library.load.PluginCaller/]: Registering gui handlers took 2.588 milliseconds
[01Mar2026 13:31:54.132] [Render thread/INFO] [mezz.jei.library.load.PluginCaller/]: Registering Runtime...
[01Mar2026 13:31:54.132] [Render thread/DEBUG] [mezz.jei.library.load.PluginCallerTimerRunnable/]: Registering Runtime: jei:minecraft...
[01Mar2026 13:31:54.132] [Render thread/DEBUG] [mezz.jei.library.load.PluginCallerTimerRunnable/]: Registering Runtime: farmersdelight:jei_plugin...
[01Mar2026 13:31:54.132] [Render thread/DEBUG] [mezz.jei.library.load.PluginCallerTimerRunnable/]: Registering Runtime: mynethersdelight:jei_plugin...
[01Mar2026 13:31:54.132] [Render thread/DEBUG] [mezz.jei.library.load.PluginCallerTimerRunnable/]: Registering Runtime: central_heater:jei...
[01Mar2026 13:31:54.132] [Render thread/DEBUG] [mezz.jei.library.load.PluginCallerTimerRunnable/]: Registering Runtime: jei:neoforge_gui...
[01Mar2026 13:31:54.133] [Render thread/INFO] [mezz.jei.gui.startup.JeiGuiStarter/]: Starting JEI GUI
[01Mar2026 13:31:54.133] [Render thread/INFO] [mezz.jei.core.util.LoggedTimer/]: Building ingredient list...
[01Mar2026 13:31:54.133] [Render thread/DEBUG] [mezz.jei.gui.ingredients.IngredientListElementFactory/]: Registering ingredients: ItemStack
[01Mar2026 13:31:54.144] [Render thread/DEBUG] [mezz.jei.gui.ingredients.IngredientListElementFactory/]: Registering ingredients: FluidStack
[01Mar2026 13:31:54.145] [Render thread/INFO] [mezz.jei.core.util.LoggedTimer/]: Building ingredient list took 11.39 milliseconds
[01Mar2026 13:31:54.145] [Render thread/INFO] [mezz.jei.core.util.LoggedTimer/]: Building ingredient filter...
[01Mar2026 13:31:54.160] [Render thread/INFO] [mezz.jei.gui.ingredients.IngredientFilter/]: Adding 2093 ingredients
[01Mar2026 13:31:54.330] [Render thread/INFO] [mezz.jei.gui.ingredients.IngredientFilter/]: Added 2093 ingredients
[01Mar2026 13:31:54.331] [Render thread/INFO] [mezz.jei.core.util.LoggedTimer/]: Building ingredient filter took 186.3 milliseconds
[01Mar2026 13:31:54.337] [Render thread/DEBUG] [mezz.jei.gui.config.LookupHistoryJsonConfig/]: Loaded lookup history config from file: /Users/fengyue.john.zhu/Documents/Farmers Heaters 1.21.1/run/config/jei/world/local/New_World/lookupHistory.json
[01Mar2026 13:31:54.361] [Render thread/INFO] [mezz.jei.library.load.PluginCallerTimerRunnable/]: Registering Runtime: jei:neoforge_gui took 228.6 milliseconds
[01Mar2026 13:31:54.361] [Render thread/DEBUG] [mezz.jei.library.load.PluginCallerTimerRunnable/]: Registering Runtime: jei:debug...
[01Mar2026 13:31:54.361] [Render thread/DEBUG] [mezz.jei.library.load.PluginCallerTimerRunnable/]: Registering Runtime: jei:gui...
[01Mar2026 13:31:54.361] [Render thread/DEBUG] [mezz.jei.library.load.PluginCallerTimerRunnable/]: Registering Runtime: jei:internal...
[01Mar2026 13:31:54.361] [Render thread/INFO] [mezz.jei.library.load.PluginCaller/]: Registering Runtime took 229.1 milliseconds
[01Mar2026 13:31:54.361] [Render thread/INFO] [mezz.jei.core.util.LoggedTimer/]: Building runtime took 235.5 milliseconds
[01Mar2026 13:31:54.361] [Render thread/INFO] [mezz.jei.library.load.PluginCaller/]: Sending Runtime...
[01Mar2026 13:31:54.362] [Render thread/DEBUG] [mezz.jei.library.load.PluginCallerTimerRunnable/]: Sending Runtime: jei:minecraft...
[01Mar2026 13:31:54.362] [Render thread/DEBUG] [mezz.jei.library.load.PluginCallerTimerRunnable/]: Sending Runtime: farmersdelight:jei_plugin...
[01Mar2026 13:31:54.362] [Render thread/DEBUG] [mezz.jei.library.load.PluginCallerTimerRunnable/]: Sending Runtime: mynethersdelight:jei_plugin...
[01Mar2026 13:31:54.362] [Render thread/DEBUG] [mezz.jei.library.load.PluginCallerTimerRunnable/]: Sending Runtime: central_heater:jei...
[01Mar2026 13:31:54.362] [Render thread/DEBUG] [mezz.jei.library.load.PluginCallerTimerRunnable/]: Sending Runtime: jei:neoforge_gui...
[01Mar2026 13:31:54.362] [Render thread/DEBUG] [mezz.jei.library.load.PluginCallerTimerRunnable/]: Sending Runtime: jei:debug...
[01Mar2026 13:31:54.362] [Render thread/DEBUG] [mezz.jei.library.load.PluginCallerTimerRunnable/]: Sending Runtime: jei:gui...
[01Mar2026 13:31:54.362] [Render thread/DEBUG] [mezz.jei.library.load.PluginCallerTimerRunnable/]: Sending Runtime: jei:internal...
[01Mar2026 13:31:54.362] [Render thread/INFO] [mezz.jei.library.load.PluginCaller/]: Sending Runtime took 465.1 microseconds
[01Mar2026 13:31:54.362] [Render thread/INFO] [mezz.jei.core.util.LoggedTimer/]: Starting JEI took 527.7 milliseconds
[01Mar2026 13:31:54.370] [Render thread/INFO] [net.minecraft.advancements.AdvancementTree/]: Loaded 55 advancements
[01Mar2026 13:31:55.840] [JEI Deduplicating Run Executor 0/DEBUG] [mezz.jei.common.config.file.ConfigSerializer/]: Saving config file: /Users/fengyue.john.zhu/Documents/Farmers Heaters 1.21.1/run/config/jei/jei-debug.ini
[01Mar2026 13:31:55.841] [JEI Deduplicating Run Executor 0/DEBUG] [mezz.jei.common.config.file.ConfigSerializer/]: Saving config file: /Users/fengyue.john.zhu/Documents/Farmers Heaters 1.21.1/run/config/jei/jei-colors.ini
[01Mar2026 13:31:55.843] [JEI Deduplicating Run Executor 0/DEBUG] [mezz.jei.common.config.file.ConfigSerializer/]: Saving config file: /Users/fengyue.john.zhu/Documents/Farmers Heaters 1.21.1/run/config/jei/jei-client.ini
[01Mar2026 13:31:55.845] [JEI Deduplicating Run Executor 0/DEBUG] [mezz.jei.common.config.file.ConfigSerializer/]: Saving config file: /Users/fengyue.john.zhu/Documents/Farmers Heaters 1.21.1/run/config/jei/jei-mod-id-format.ini
[01Mar2026 13:31:58.056] [JEI Config File Watcher/DEBUG] [mezz.jei.common.config.file.FileWatcherThread/]: Detected changes in files:
/Users/fengyue.john.zhu/Documents/Farmers Heaters 1.21.1/run/config/jei/jei-debug.ini
/Users/fengyue.john.zhu/Documents/Farmers Heaters 1.21.1/run/config/jei/jei-colors.ini
/Users/fengyue.john.zhu/Documents/Farmers Heaters 1.21.1/run/config/jei/jei-client.ini
/Users/fengyue.john.zhu/Documents/Farmers Heaters 1.21.1/run/config/jei/jei-mod-id-format.ini
[01Mar2026 13:31:58.060] [Render thread/DEBUG] [mezz.jei.common.config.file.ConfigSerializer/]: Skipping loading config file, it was just saved by us: /Users/fengyue.john.zhu/Documents/Farmers Heaters 1.21.1/run/config/jei/jei-client.ini
[01Mar2026 13:31:58.061] [Render thread/DEBUG] [mezz.jei.common.config.file.ConfigSerializer/]: Skipping loading config file, it was just saved by us: /Users/fengyue.john.zhu/Documents/Farmers Heaters 1.21.1/run/config/jei/jei-debug.ini
[01Mar2026 13:32:00.796] [Render thread/DEBUG] [mezz.jei.common.config.file.ConfigSerializer/]: Skipping loading config file, it was just saved by us: /Users/fengyue.john.zhu/Documents/Farmers Heaters 1.21.1/run/config/jei/jei-mod-id-format.ini
[01Mar2026 13:32:07.477] [JEI Deduplicating Run Executor 0/DEBUG] [mezz.jei.gui.config.LookupHistoryJsonConfig/]: Saved lookup history config to file: /Users/fengyue.john.zhu/Documents/Farmers Heaters 1.21.1/run/config/jei/world/local/New_World/lookupHistory.json
[01Mar2026 13:33:13.439] [Render thread/INFO] [net.minecraft.advancements.AdvancementTree/]: Loaded 56 advancements
[01Mar2026 13:33:40.441] [Render thread/INFO] [net.minecraft.advancements.AdvancementTree/]: Loaded 59 advancements
[01Mar2026 13:34:09.881] [Server thread/INFO] [net.minecraft.client.server.IntegratedServer/]: Saving and pausing game...
[01Mar2026 13:34:09.895] [Server thread/INFO] [net.minecraft.server.MinecraftServer/]: Saving chunks for level 'ServerLevel[New World]'/minecraft:overworld
[01Mar2026 13:34:09.908] [Server thread/INFO] [net.minecraft.server.MinecraftServer/]: Saving chunks for level 'ServerLevel[New World]'/minecraft:the_end
[01Mar2026 13:34:09.909] [Server thread/INFO] [net.minecraft.server.MinecraftServer/]: Saving chunks for level 'ServerLevel[New World]'/minecraft:the_nether
[01Mar2026 13:34:09.910] [Server thread/DEBUG] [net.neoforged.neoforge.common.CommonHooks/WP]: Gathered mod list to write to world save New World
[01Mar2026 13:34:18.821] [worldgen/DEBUG] [mixin/]: Mixing WorldGenRegionMixin from central_heater.mixins.json into net.minecraft.server.level.WorldGenRegion
[01Mar2026 13:34:20.031] [Server thread/INFO] [net.minecraft.client.server.IntegratedServer/]: Saving and pausing game...
[01Mar2026 13:34:20.035] [Server thread/INFO] [net.minecraft.server.MinecraftServer/]: Saving chunks for level 'ServerLevel[New World]'/minecraft:overworld
[01Mar2026 13:34:20.053] [Server thread/INFO] [net.minecraft.server.MinecraftServer/]: Saving chunks for level 'ServerLevel[New World]'/minecraft:the_end
[01Mar2026 13:34:20.059] [Server thread/INFO] [net.minecraft.server.MinecraftServer/]: Saving chunks for level 'ServerLevel[New World]'/minecraft:the_nether
[01Mar2026 13:34:20.060] [Server thread/DEBUG] [net.neoforged.neoforge.common.CommonHooks/WP]: Gathered mod list to write to world save New World
[01Mar2026 13:34:41.089] [JEI Deduplicating Run Executor 0/DEBUG] [mezz.jei.gui.config.LookupHistoryJsonConfig/]: Saved lookup history config to file: /Users/fengyue.john.zhu/Documents/Farmers Heaters 1.21.1/run/config/jei/world/local/New_World/lookupHistory.json
[01Mar2026 13:35:17.487] [Render thread/INFO] [net.minecraft.advancements.AdvancementTree/]: Loaded 67 advancements
[01Mar2026 13:36:19.279] [Server thread/INFO] [net.minecraft.client.server.IntegratedServer/]: Saving and pausing game...
[01Mar2026 13:36:19.286] [Server thread/INFO] [net.minecraft.server.MinecraftServer/]: Saving chunks for level 'ServerLevel[New World]'/minecraft:overworld
[01Mar2026 13:36:19.292] [Server thread/INFO] [net.minecraft.server.MinecraftServer/]: Saving chunks for level 'ServerLevel[New World]'/minecraft:the_end
[01Mar2026 13:36:19.295] [Server thread/INFO] [net.minecraft.server.MinecraftServer/]: Saving chunks for level 'ServerLevel[New World]'/minecraft:the_nether
[01Mar2026 13:36:19.296] [Server thread/DEBUG] [net.neoforged.neoforge.common.CommonHooks/WP]: Gathered mod list to write to world save New World
[01Mar2026 13:36:19.729] [Server thread/INFO] [net.minecraft.client.server.IntegratedServer/]: Saving and pausing game...
[01Mar2026 13:36:19.733] [Server thread/INFO] [net.minecraft.server.MinecraftServer/]: Saving chunks for level 'ServerLevel[New World]'/minecraft:overworld
[01Mar2026 13:36:19.738] [Server thread/INFO] [net.minecraft.server.MinecraftServer/]: Saving chunks for level 'ServerLevel[New World]'/minecraft:the_end
[01Mar2026 13:36:19.739] [Server thread/INFO] [net.minecraft.server.MinecraftServer/]: Saving chunks for level 'ServerLevel[New World]'/minecraft:the_nether
[01Mar2026 13:36:19.740] [Server thread/DEBUG] [net.neoforged.neoforge.common.CommonHooks/WP]: Gathered mod list to write to world save New World
[01Mar2026 13:36:47.879] [Server thread/INFO] [net.minecraft.client.server.IntegratedServer/]: Saving and pausing game...
[01Mar2026 13:36:47.884] [Server thread/INFO] [net.minecraft.server.MinecraftServer/]: Saving chunks for level 'ServerLevel[New World]'/minecraft:overworld
[01Mar2026 13:36:47.890] [Server thread/INFO] [net.minecraft.server.MinecraftServer/]: Saving chunks for level 'ServerLevel[New World]'/minecraft:the_end
[01Mar2026 13:36:47.892] [Server thread/INFO] [net.minecraft.server.MinecraftServer/]: Saving chunks for level 'ServerLevel[New World]'/minecraft:the_nether
[01Mar2026 13:36:47.892] [Server thread/DEBUG] [net.neoforged.neoforge.common.CommonHooks/WP]: Gathered mod list to write to world save New World
[01Mar2026 13:37:07.229] [Server thread/INFO] [net.minecraft.client.server.IntegratedServer/]: Saving and pausing game...
[01Mar2026 13:37:07.233] [Server thread/INFO] [net.minecraft.server.MinecraftServer/]: Saving chunks for level 'ServerLevel[New World]'/minecraft:overworld
[01Mar2026 13:37:07.238] [Server thread/INFO] [net.minecraft.server.MinecraftServer/]: Saving chunks for level 'ServerLevel[New World]'/minecraft:the_end
[01Mar2026 13:37:07.242] [Server thread/INFO] [net.minecraft.server.MinecraftServer/]: Saving chunks for level 'ServerLevel[New World]'/minecraft:the_nether
[01Mar2026 13:37:07.242] [Server thread/DEBUG] [net.neoforged.neoforge.common.CommonHooks/WP]: Gathered mod list to write to world save New World
[01Mar2026 13:37:35.979] [Server thread/INFO] [net.minecraft.client.server.IntegratedServer/]: Saving and pausing game...
[01Mar2026 13:37:35.987] [Server thread/INFO] [net.minecraft.server.MinecraftServer/]: Saving chunks for level 'ServerLevel[New World]'/minecraft:overworld
[01Mar2026 13:37:36.009] [Server thread/INFO] [net.minecraft.server.MinecraftServer/]: Saving chunks for level 'ServerLevel[New World]'/minecraft:the_end
[01Mar2026 13:37:36.010] [Server thread/INFO] [net.minecraft.server.MinecraftServer/]: Saving chunks for level 'ServerLevel[New World]'/minecraft:the_nether
[01Mar2026 13:37:36.010] [Server thread/DEBUG] [net.neoforged.neoforge.common.CommonHooks/WP]: Gathered mod list to write to world save New World
[01Mar2026 13:38:35.749] [Render thread/DEBUG] [mezz.jei.neoforge.startup.StartEventObserver/]: JEI StartEventObserver received event: class net.neoforged.neoforge.client.event.ClientPlayerNetworkEvent$LoggingOut
[01Mar2026 13:38:35.750] [Render thread/DEBUG] [mezz.jei.neoforge.startup.StartEventObserver/]: JEI StartEventObserver transitioning state from JEI_STARTED to LISTENING
[01Mar2026 13:38:35.754] [Render thread/INFO] [mezz.jei.library.startup.JeiStarter/]: Stopping JEI
[01Mar2026 13:38:35.755] [Render thread/INFO] [mezz.jei.library.load.PluginCaller/]: Sending Runtime Unavailable...
[01Mar2026 13:38:35.756] [Render thread/DEBUG] [mezz.jei.library.load.PluginCallerTimerRunnable/]: Sending Runtime Unavailable: jei:minecraft...
[01Mar2026 13:38:35.756] [Render thread/DEBUG] [mezz.jei.library.load.PluginCallerTimerRunnable/]: Sending Runtime Unavailable: farmersdelight:jei_plugin...
[01Mar2026 13:38:35.756] [Render thread/DEBUG] [mezz.jei.library.load.PluginCallerTimerRunnable/]: Sending Runtime Unavailable: mynethersdelight:jei_plugin...
[01Mar2026 13:38:35.756] [Render thread/DEBUG] [mezz.jei.library.load.PluginCallerTimerRunnable/]: Sending Runtime Unavailable: central_heater:jei...
[01Mar2026 13:38:35.756] [Render thread/DEBUG] [mezz.jei.library.load.PluginCallerTimerRunnable/]: Sending Runtime Unavailable: jei:neoforge_gui...
[01Mar2026 13:38:35.756] [Render thread/INFO] [mezz.jei.neoforge.plugins.neoforge.NeoForgeGuiPlugin/]: Stopping JEI GUI
[01Mar2026 13:38:35.760] [Render thread/DEBUG] [mezz.jei.library.load.PluginCallerTimerRunnable/]: Sending Runtime Unavailable: jei:debug...
[01Mar2026 13:38:35.760] [Render thread/DEBUG] [mezz.jei.library.load.PluginCallerTimerRunnable/]: Sending Runtime Unavailable: jei:gui...
[01Mar2026 13:38:35.760] [Render thread/DEBUG] [mezz.jei.library.load.PluginCallerTimerRunnable/]: Sending Runtime Unavailable: jei:internal...
[01Mar2026 13:38:35.761] [Render thread/INFO] [mezz.jei.library.load.PluginCaller/]: Sending Runtime Unavailable took 5.439 milliseconds
[01Mar2026 13:38:35.824] [Server thread/INFO] [net.minecraft.server.network.ServerGamePacketListenerImpl/]: Dev lost connection: Disconnected
[01Mar2026 13:38:35.825] [Server thread/INFO] [net.minecraft.server.MinecraftServer/]: Dev left the game
[01Mar2026 13:38:35.834] [Server thread/INFO] [net.minecraft.server.network.ServerCommonPacketListenerImpl/]: Stopping singleplayer server as player logged out
[01Mar2026 13:38:35.844] [Server thread/INFO] [net.minecraft.server.MinecraftServer/]: Stopping server
[01Mar2026 13:38:35.845] [Server thread/INFO] [net.minecraft.server.MinecraftServer/]: Saving players
[01Mar2026 13:38:35.845] [Server thread/INFO] [net.minecraft.server.MinecraftServer/]: Saving worlds
[01Mar2026 13:38:36.723] [Server thread/INFO] [net.minecraft.server.MinecraftServer/]: Saving chunks for level 'ServerLevel[New World]'/minecraft:overworld
[01Mar2026 13:38:36.801] [Server thread/INFO] [net.minecraft.server.MinecraftServer/]: Saving chunks for level 'ServerLevel[New World]'/minecraft:the_end
[01Mar2026 13:38:36.807] [Server thread/INFO] [net.minecraft.server.MinecraftServer/]: Saving chunks for level 'ServerLevel[New World]'/minecraft:the_nether
[01Mar2026 13:38:36.813] [Server thread/DEBUG] [net.neoforged.neoforge.common.CommonHooks/WP]: Gathered mod list to write to world save New World
[01Mar2026 13:38:36.814] [Server thread/INFO] [net.minecraft.server.MinecraftServer/]: ThreadedAnvilChunkStorage (New World): All chunks are saved
[01Mar2026 13:38:36.814] [Server thread/INFO] [net.minecraft.server.MinecraftServer/]: ThreadedAnvilChunkStorage (DIM1): All chunks are saved
[01Mar2026 13:38:36.814] [Server thread/INFO] [net.minecraft.server.MinecraftServer/]: ThreadedAnvilChunkStorage (DIM-1): All chunks are saved
[01Mar2026 13:38:36.814] [Server thread/INFO] [net.minecraft.server.MinecraftServer/]: ThreadedAnvilChunkStorage: All dimensions are saved
[01Mar2026 13:38:36.870] [Server thread/DEBUG] [net.neoforged.fml.config.ConfigTracker/CONFIG]: Unloading configs type SERVER
[01Mar2026 13:38:37.594] [Render thread/INFO] [net.minecraft.client.Minecraft/]: Stopping!
